customer_id,loyalty_score,product_id,product_category,purchase_count
C7,3,P63,bws,112
C7,3,P63,bws,112
C137,9,P63,bws,112
C46,5,P63,bws,112
C35,7,P63,bws,112
C35,7,P63,bws,112
C137,9,P63,bws,112
C2,4,P63,bws,112
C2,4,P63,bws,112
C7,3,P63,bws,112
C46,5,P63,bws,112
C24,6,P63,bws,112
C35,7,P63,bws,112
C78,9,P63,bws,112
C99,9,P63,bws,112
C99,9,P63,bws,112
C13,8,P63,bws,112
C134,6,P63,bws,112
C134,6,P63,bws,112
C53,4,P63,bws,112
C93,5,P63,bws,112
C7,3,P63,bws,112
C27,10,P63,bws,112
C90,3,P63,bws,112
C91,3,P63,bws,112
C13,8,P63,bws,112
C37,9,P63,bws,112
C124,7,P63,bws,112
C110,3,P63,bws,112
C78,9,P63,bws,112
C134,6,P63,bws,112
C134,6,P63,bws,112
C78,9,P63,bws,112
C103,7,P63,bws,112
C124,7,P63,bws,112
C124,7,P63,bws,112
C90,3,P63,bws,112
C134,6,P63,bws,112
C30,4,P63,bws,112
C124,7,P63,bws,112
C124,7,P63,bws,112
C37,9,P63,bws,112
C37,9,P63,bws,112
C13,8,P63,bws,112
C13,8,P63,bws,112
C103,7,P63,bws,112
C103,7,P63,bws,112
C124,7,P63,bws,112
C78,9,P63,bws,112
C99,9,P63,bws,112
C13,8,P63,bws,112
C27,10,P63,bws,112
C27,10,P63,bws,112
C78,9,P63,bws,112
C30,4,P63,bws,112
C2,4,P63,bws,112
C78,9,P63,bws,112
C99,9,P63,bws,112
C90,3,P63,bws,112
C44,9,P63,bws,112
C78,9,P63,bws,112
C108,8,P63,bws,112
C30,4,P63,bws,112
C13,8,P63,bws,112
C13,8,P63,bws,112
C108,8,P63,bws,112
C110,3,P63,bws,112
C53,4,P63,bws,112
C90,3,P63,bws,112
C90,3,P63,bws,112
C103,7,P63,bws,112
C46,5,P63,bws,112
C78,9,P63,bws,112
C78,9,P63,bws,112
C24,6,P63,bws,112
C24,6,P63,bws,112
C108,8,P63,bws,112
C7,3,P63,bws,112
C13,8,P63,bws,112
C13,8,P63,bws,112
C22,1,P63,bws,112
C22,1,P63,bws,112
C13,8,P63,bws,112
C108,8,P63,bws,112
C46,5,P63,bws,112
C109,6,P63,bws,112
C35,7,P63,bws,112
C35,7,P63,bws,112
C20,2,P63,bws,112
C103,7,P63,bws,112
C7,3,P63,bws,112
C24,6,P63,bws,112
C90,3,P63,bws,112
C124,7,P63,bws,112
C94,10,P63,bws,112
C108,8,P63,bws,112
C108,8,P63,bws,112
C134,6,P63,bws,112
C134,6,P63,bws,112
C78,9,P63,bws,112
C99,9,P63,bws,112
C91,3,P63,bws,112
C91,3,P63,bws,112
C46,5,P63,bws,112
C110,3,P63,bws,112
C110,3,P63,bws,112
C124,7,P63,bws,112
C13,8,P63,bws,112
C13,8,P63,bws,112
C109,6,P63,bws,112
C91,3,P63,bws,112
C93,5,P63,bws,112
C7,3,P64,bws,104
C78,9,P64,bws,104
C78,9,P64,bws,104
C35,7,P64,bws,104
C2,4,P64,bws,104
C78,9,P64,bws,104
C108,8,P64,bws,104
C78,9,P64,bws,104
C90,3,P64,bws,104
C124,7,P64,bws,104
C24,6,P64,bws,104
C53,4,P64,bws,104
C78,9,P64,bws,104
C78,9,P64,bws,104
C90,3,P64,bws,104
C99,9,P64,bws,104
C7,3,P64,bws,104
C13,8,P64,bws,104
C46,5,P64,bws,104
C78,9,P64,bws,104
C94,10,P64,bws,104
C94,10,P64,bws,104
C124,7,P64,bws,104
C7,3,P64,bws,104
C7,3,P64,bws,104
C7,3,P64,bws,104
C22,1,P64,bws,104
C134,6,P64,bws,104
C2,4,P64,bws,104
C99,9,P64,bws,104
C109,6,P64,bws,104
C13,8,P64,bws,104
C53,4,P64,bws,104
C124,7,P64,bws,104
C136,10,P64,bws,104
C136,10,P64,bws,104
C24,6,P64,bws,104
C124,7,P64,bws,104
C13,8,P64,bws,104
C27,10,P64,bws,104
C99,9,P64,bws,104
C30,4,P64,bws,104
C2,4,P64,bws,104
C13,8,P64,bws,104
C44,9,P64,bws,104
C44,9,P64,bws,104
C78,9,P64,bws,104
C110,3,P64,bws,104
C44,9,P64,bws,104
C78,9,P64,bws,104
C78,9,P64,bws,104
C99,9,P64,bws,104
C99,9,P64,bws,104
C30,4,P64,bws,104
C30,4,P64,bws,104
C30,4,P64,bws,104
C46,5,P64,bws,104
C7,3,P64,bws,104
C58,6,P64,bws,104
C91,3,P64,bws,104
C91,3,P64,bws,104
C94,10,P64,bws,104
C124,7,P64,bws,104
C99,9,P64,bws,104
C46,5,P64,bws,104
C78,9,P64,bws,104
C99,9,P64,bws,104
C7,3,P64,bws,104
C90,3,P64,bws,104
C124,7,P64,bws,104
C13,8,P64,bws,104
C53,4,P64,bws,104
C4,5,P64,bws,104
C46,5,P64,bws,104
C78,9,P64,bws,104
C27,10,P64,bws,104
C13,8,P64,bws,104
C78,9,P64,bws,104
C2,4,P64,bws,104
C2,4,P64,bws,104
C13,8,P64,bws,104
C124,7,P64,bws,104
C103,7,P64,bws,104
C124,7,P64,bws,104
C24,6,P64,bws,104
C124,7,P64,bws,104
C94,10,P64,bws,104
C27,10,P64,bws,104
C94,10,P64,bws,104
C135,2,P64,bws,104
C78,9,P64,bws,104
C90,3,P64,bws,104
C24,6,P64,bws,104
C124,7,P64,bws,104
C91,3,P64,bws,104
C13,8,P64,bws,104
C13,8,P64,bws,104
C13,8,P64,bws,104
C91,3,P64,bws,104
C109,6,P64,bws,104
C135,2,P64,bws,104
C135,2,P64,bws,104
C113,5,P64,bws,104
C113,5,P64,bws,104
C9,8,P32,fruit_veg,89
C69,7,P32,fruit_veg,89
C57,2,P32,fruit_veg,89
C93,5,P32,fruit_veg,89
C66,10,P32,fruit_veg,89
C71,8,P32,fruit_veg,89
C54,2,P32,fruit_veg,89
C5,7,P32,fruit_veg,89
C20,2,P32,fruit_veg,89
C121,10,P32,fruit_veg,89
C25,9,P32,fruit_veg,89
C49,7,P32,fruit_veg,89
C129,7,P32,fruit_veg,89
C61,4,P32,fruit_veg,89
C96,10,P32,fruit_veg,89
C9,8,P32,fruit_veg,89
C116,5,P32,fruit_veg,89
C11,4,P32,fruit_veg,89
C117,10,P32,fruit_veg,89
C71,8,P32,fruit_veg,89
C112,3,P32,fruit_veg,89
C112,3,P32,fruit_veg,89
C60,10,P32,fruit_veg,89
C111,1,P32,fruit_veg,89
C111,1,P32,fruit_veg,89
C49,7,P32,fruit_veg,89
C60,10,P32,fruit_veg,89
C71,8,P32,fruit_veg,89
C49,7,P32,fruit_veg,89
C60,10,P32,fruit_veg,89
C111,1,P32,fruit_veg,89
C108,8,P32,fruit_veg,89
C32,3,P32,fruit_veg,89
C45,10,P32,fruit_veg,89
C121,10,P32,fruit_veg,89
C57,2,P32,fruit_veg,89
C38,7,P32,fruit_veg,89
C73,2,P32,fruit_veg,89
C81,7,P32,fruit_veg,89
C60,10,P32,fruit_veg,89
C42,2,P32,fruit_veg,89
C38,7,P32,fruit_veg,89
C121,10,P32,fruit_veg,89
C9,8,P32,fruit_veg,89
C51,3,P32,fruit_veg,89
C54,2,P32,fruit_veg,89
C84,1,P32,fruit_veg,89
C84,1,P32,fruit_veg,89
C5,7,P32,fruit_veg,89
C60,10,P32,fruit_veg,89
C116,5,P32,fruit_veg,89
C117,10,P32,fruit_veg,89
C54,2,P32,fruit_veg,89
C63,2,P32,fruit_veg,89
C63,2,P32,fruit_veg,89
C2,4,P32,fruit_veg,89
C17,2,P32,fruit_veg,89
C98,7,P32,fruit_veg,89
C98,7,P32,fruit_veg,89
C60,10,P32,fruit_veg,89
C121,10,P32,fruit_veg,89
C17,2,P32,fruit_veg,89
C7,3,P32,fruit_veg,89
C42,2,P32,fruit_veg,89
C73,2,P32,fruit_veg,89
C45,10,P32,fruit_veg,89
C93,5,P32,fruit_veg,89
C131,4,P32,fruit_veg,89
C80,9,P32,fruit_veg,89
C70,9,P32,fruit_veg,89
C98,7,P32,fruit_veg,89
C39,2,P32,fruit_veg,89
C54,2,P32,fruit_veg,89
C54,2,P32,fruit_veg,89
C94,10,P32,fruit_veg,89
C49,7,P32,fruit_veg,89
C114,3,P32,fruit_veg,89
C111,1,P32,fruit_veg,89
C116,5,P32,fruit_veg,89
C126,4,P32,fruit_veg,89
C49,7,P32,fruit_veg,89
C64,10,P32,fruit_veg,89
C71,8,P32,fruit_veg,89
C75,8,P32,fruit_veg,89
C21,5,P32,fruit_veg,89
C80,9,P32,fruit_veg,89
C24,6,P32,fruit_veg,89
C57,2,P32,fruit_veg,89
C98,7,P32,fruit_veg,89
C9,8,P29,fruit_veg,73
C94,10,P29,fruit_veg,73
C111,1,P29,fruit_veg,73
C60,10,P29,fruit_veg,73
C102,1,P29,fruit_veg,73
C108,8,P29,fruit_veg,73
C71,8,P29,fruit_veg,73
C51,3,P29,fruit_veg,73
C129,7,P29,fruit_veg,73
C116,5,P29,fruit_veg,73
C31,9,P29,fruit_veg,73
C18,8,P29,fruit_veg,73
C71,8,P29,fruit_veg,73
C5,7,P29,fruit_veg,73
C46,5,P29,fruit_veg,73
C7,3,P29,fruit_veg,73
C42,2,P29,fruit_veg,73
C98,7,P29,fruit_veg,73
C131,4,P29,fruit_veg,73
C105,8,P29,fruit_veg,73
C27,10,P29,fruit_veg,73
C27,10,P29,fruit_veg,73
C74,5,P29,fruit_veg,73
C74,5,P29,fruit_veg,73
C18,8,P29,fruit_veg,73
C63,2,P29,fruit_veg,73
C21,5,P29,fruit_veg,73
C5,7,P29,fruit_veg,73
C51,3,P29,fruit_veg,73
C31,9,P29,fruit_veg,73
C51,3,P29,fruit_veg,73
C82,9,P29,fruit_veg,73
C94,10,P29,fruit_veg,73
C127,4,P29,fruit_veg,73
C17,2,P29,fruit_veg,73
C66,10,P29,fruit_veg,73
C73,2,P29,fruit_veg,73
C80,9,P29,fruit_veg,73
C60,10,P29,fruit_veg,73
C81,7,P29,fruit_veg,73
C80,9,P29,fruit_veg,73
C75,8,P29,fruit_veg,73
C75,8,P29,fruit_veg,73
C51,3,P29,fruit_veg,73
C57,2,P29,fruit_veg,73
C1,7,P29,fruit_veg,73
C4,5,P29,fruit_veg,73
C80,9,P29,fruit_veg,73
C20,2,P29,fruit_veg,73
C111,1,P29,fruit_veg,73
C70,9,P29,fruit_veg,73
C121,10,P29,fruit_veg,73
C12,8,P29,fruit_veg,73
C57,2,P29,fruit_veg,73
C66,10,P29,fruit_veg,73
C121,10,P29,fruit_veg,73
C60,10,P29,fruit_veg,73
C112,3,P29,fruit_veg,73
C18,8,P29,fruit_veg,73
C51,3,P29,fruit_veg,73
C106,5,P29,fruit_veg,73
C49,7,P29,fruit_veg,73
C56,4,P29,fruit_veg,73
C69,7,P29,fruit_veg,73
C71,8,P29,fruit_veg,73
C71,8,P29,fruit_veg,73
C49,7,P29,fruit_veg,73
C104,7,P29,fruit_veg,73
C5,7,P29,fruit_veg,73
C18,8,P29,fruit_veg,73
C9,8,P29,fruit_veg,73
C111,1,P29,fruit_veg,73
C17,2,P29,fruit_veg,73
C17,2,P59,food,56
C36,5,P59,food,56
C94,10,P59,food,56
C57,2,P59,food,56
C61,4,P59,food,56
C82,9,P59,food,56
C122,10,P59,food,56
C77,9,P59,food,56
C109,6,P59,food,56
C86,8,P59,food,56
C77,9,P59,food,56
C71,8,P59,food,56
C115,1,P59,food,56
C109,6,P59,food,56
C130,7,P59,food,56
C128,5,P59,food,56
C53,4,P59,food,56
C17,2,P59,food,56
C79,1,P59,food,56
C71,8,P59,food,56
C114,3,P59,food,56
C114,3,P59,food,56
C133,3,P59,food,56
C136,10,P59,food,56
C136,10,P59,food,56
C50,8,P59,food,56
C116,5,P59,food,56
C134,6,P59,food,56
C45,10,P59,food,56
C45,10,P59,food,56
C86,8,P59,food,56
C72,5,P59,food,56
C134,6,P59,food,56
C66,10,P59,food,56
C130,7,P59,food,56
C1,7,P59,food,56
C63,2,P59,food,56
C130,7,P59,food,56
C85,8,P59,food,56
C75,8,P59,food,56
C1,7,P59,food,56
C130,7,P59,food,56
C116,5,P59,food,56
C24,6,P59,food,56
C124,7,P59,food,56
C98,7,P59,food,56
C136,10,P59,food,56
C6,10,P59,food,56
C77,9,P59,food,56
C83,8,P59,food,56
C126,4,P59,food,56
C27,10,P59,food,56
C107,3,P59,food,56
C82,9,P59,food,56
C6,10,P59,food,56
C33,5,P59,food,56
C17,2,P57,food,65
C59,6,P57,food,65
C136,10,P57,food,65
C17,2,P57,food,65
C85,8,P57,food,65
C96,10,P57,food,65
C57,2,P57,food,65
C33,5,P57,food,65
C95,7,P57,food,65
C79,1,P57,food,65
C79,1,P57,food,65
C122,10,P57,food,65
C1,7,P57,food,65
C29,7,P57,food,65
C77,9,P57,food,65
C83,8,P57,food,65
C130,7,P57,food,65
C17,2,P57,food,65
C6,10,P57,food,65
C36,5,P57,food,65
C57,2,P57,food,65
C62,6,P57,food,65
C130,7,P57,food,65
C136,10,P57,food,65
C129,7,P57,food,65
C62,6,P57,food,65
C89,8,P57,food,65
C66,10,P57,food,65
C66,10,P57,food,65
C39,2,P57,food,65
C62,6,P57,food,65
C79,1,P57,food,65
C32,3,P57,food,65
C1,7,P57,food,65
C72,5,P57,food,65
C77,9,P57,food,65
C133,3,P57,food,65
C63,2,P57,food,65
C120,9,P57,food,65
C45,10,P57,food,65
C17,2,P57,food,65
C97,9,P57,food,65
C76,10,P57,food,65
C85,8,P57,food,65
C77,9,P57,food,65
C17,2,P57,food,65
C61,4,P57,food,65
C66,10,P57,food,65
C98,7,P57,food,65
C94,10,P57,food,65
C97,9,P57,food,65
C57,2,P57,food,65
C76,10,P57,food,65
C20,2,P57,food,65
C122,10,P57,food,65
C136,10,P57,food,65
C45,10,P57,food,65
C89,8,P57,food,65
C39,2,P57,food,65
C122,10,P57,food,65
C61,4,P57,food,65
C68,8,P57,food,65
C55,8,P57,food,65
C55,8,P57,food,65
C92,1,P57,food,65
C17,2,P44,food,57
C72,5,P44,food,57
C27,10,P44,food,57
C77,9,P44,food,57
C116,5,P44,food,57
C54,2,P44,food,57
C39,2,P44,food,57
C63,2,P44,food,57
C66,10,P44,food,57
C91,3,P44,food,57
C109,6,P44,food,57
C47,2,P44,food,57
C130,7,P44,food,57
C62,6,P44,food,57
C47,2,P44,food,57
C47,2,P44,food,57
C71,8,P44,food,57
C134,6,P44,food,57
C96,10,P44,food,57
C133,3,P44,food,57
C129,7,P44,food,57
C24,6,P44,food,57
C62,6,P44,food,57
C79,1,P44,food,57
C89,8,P44,food,57
C136,10,P44,food,57
C89,8,P44,food,57
C92,1,P44,food,57
C100,8,P44,food,57
C79,1,P44,food,57
C100,8,P44,food,57
C85,8,P44,food,57
C86,8,P44,food,57
C92,1,P44,food,57
C136,10,P44,food,57
C77,9,P44,food,57
C61,4,P44,food,57
C53,4,P44,food,57
C108,8,P44,food,57
C108,8,P44,food,57
C85,8,P44,food,57
C65,2,P44,food,57
C17,2,P44,food,57
C89,8,P44,food,57
C17,2,P44,food,57
C128,5,P44,food,57
C33,5,P44,food,57
C53,4,P44,food,57
C126,4,P44,food,57
C17,2,P44,food,57
C18,8,P44,food,57
C18,8,P44,food,57
C122,10,P44,food,57
C126,4,P44,food,57
C65,2,P44,food,57
C6,10,P44,food,57
C32,3,P44,food,57
C18,8,P25,fruit_veg,92
C94,10,P25,fruit_veg,92
C94,10,P25,fruit_veg,92
C71,8,P25,fruit_veg,92
C75,8,P25,fruit_veg,92
C111,1,P25,fruit_veg,92
C74,5,P25,fruit_veg,92
C82,9,P25,fruit_veg,92
C51,3,P25,fruit_veg,92
C71,8,P25,fruit_veg,92
C108,8,P25,fruit_veg,92
C40,4,P25,fruit_veg,92
C116,5,P25,fruit_veg,92
C116,5,P25,fruit_veg,92
C51,3,P25,fruit_veg,92
C116,5,P25,fruit_veg,92
C9,8,P25,fruit_veg,92
C111,1,P25,fruit_veg,92
C42,2,P25,fruit_veg,92
C18,8,P25,fruit_veg,92
C98,7,P25,fruit_veg,92
C116,5,P25,fruit_veg,92
C98,7,P25,fruit_veg,92
C17,2,P25,fruit_veg,92
C51,3,P25,fruit_veg,92
C74,5,P25,fruit_veg,92
C60,10,P25,fruit_veg,92
C102,1,P25,fruit_veg,92
C17,2,P25,fruit_veg,92
C75,8,P25,fruit_veg,92
C80,9,P25,fruit_veg,92
C116,5,P25,fruit_veg,92
C57,2,P25,fruit_veg,92
C51,3,P25,fruit_veg,92
C66,10,P25,fruit_veg,92
C121,10,P25,fruit_veg,92
C74,5,P25,fruit_veg,92
C57,2,P25,fruit_veg,92
C54,2,P25,fruit_veg,92
C42,2,P25,fruit_veg,92
C75,8,P25,fruit_veg,92
C98,7,P25,fruit_veg,92
C98,7,P25,fruit_veg,92
C111,1,P25,fruit_veg,92
C1,7,P25,fruit_veg,92
C54,2,P25,fruit_veg,92
C68,8,P25,fruit_veg,92
C57,2,P25,fruit_veg,92
C69,7,P25,fruit_veg,92
C46,5,P25,fruit_veg,92
C58,6,P25,fruit_veg,92
C112,3,P25,fruit_veg,92
C121,10,P25,fruit_veg,92
C1,7,P25,fruit_veg,92
C1,7,P25,fruit_veg,92
C7,3,P25,fruit_veg,92
C7,3,P25,fruit_veg,92
C80,9,P25,fruit_veg,92
C80,9,P25,fruit_veg,92
C135,2,P25,fruit_veg,92
C116,5,P25,fruit_veg,92
C127,4,P25,fruit_veg,92
C38,7,P25,fruit_veg,92
C27,10,P25,fruit_veg,92
C60,10,P25,fruit_veg,92
C39,2,P25,fruit_veg,92
C35,7,P25,fruit_veg,92
C84,1,P25,fruit_veg,92
C11,4,P25,fruit_veg,92
C64,10,P25,fruit_veg,92
C81,7,P25,fruit_veg,92
C75,8,P25,fruit_veg,92
C116,5,P25,fruit_veg,92
C45,10,P25,fruit_veg,92
C5,7,P25,fruit_veg,92
C17,2,P25,fruit_veg,92
C51,3,P25,fruit_veg,92
C111,1,P25,fruit_veg,92
C112,3,P25,fruit_veg,92
C29,7,P25,fruit_veg,92
C97,9,P25,fruit_veg,92
C27,10,P25,fruit_veg,92
C74,5,P25,fruit_veg,92
C49,7,P25,fruit_veg,92
C94,10,P25,fruit_veg,92
C54,2,P25,fruit_veg,92
C39,2,P25,fruit_veg,92
C39,2,P25,fruit_veg,92
C104,7,P25,fruit_veg,92
C129,7,P25,fruit_veg,92
C38,7,P25,fruit_veg,92
C75,8,P25,fruit_veg,92
C18,8,P23,fruit_veg,107
C71,8,P23,fruit_veg,107
C82,9,P23,fruit_veg,107
C74,5,P23,fruit_veg,107
C116,5,P23,fruit_veg,107
C29,7,P23,fruit_veg,107
C71,8,P23,fruit_veg,107
C5,7,P23,fruit_veg,107
C129,7,P23,fruit_veg,107
C49,7,P23,fruit_veg,107
C73,2,P23,fruit_veg,107
C18,8,P23,fruit_veg,107
C47,2,P23,fruit_veg,107
C137,9,P23,fruit_veg,107
C18,8,P23,fruit_veg,107
C54,2,P23,fruit_veg,107
C51,3,P23,fruit_veg,107
C73,2,P23,fruit_veg,107
C11,4,P23,fruit_veg,107
C47,2,P23,fruit_veg,107
C94,10,P23,fruit_veg,107
C107,3,P23,fruit_veg,107
C111,1,P23,fruit_veg,107
C51,3,P23,fruit_veg,107
C111,1,P23,fruit_veg,107
C38,7,P23,fruit_veg,107
C111,1,P23,fruit_veg,107
C116,5,P23,fruit_veg,107
C73,2,P23,fruit_veg,107
C98,7,P23,fruit_veg,107
C80,9,P23,fruit_veg,107
C74,5,P23,fruit_veg,107
C74,5,P23,fruit_veg,107
C74,5,P23,fruit_veg,107
C17,2,P23,fruit_veg,107
C56,4,P23,fruit_veg,107
C83,8,P23,fruit_veg,107
C1,7,P23,fruit_veg,107
C116,5,P23,fruit_veg,107
C38,7,P23,fruit_veg,107
C5,7,P23,fruit_veg,107
C135,2,P23,fruit_veg,107
C102,1,P23,fruit_veg,107
C17,2,P23,fruit_veg,107
C54,2,P23,fruit_veg,107
C81,7,P23,fruit_veg,107
C111,1,P23,fruit_veg,107
C123,3,P23,fruit_veg,107
C42,2,P23,fruit_veg,107
C49,7,P23,fruit_veg,107
C137,9,P23,fruit_veg,107
C73,2,P23,fruit_veg,107
C73,2,P23,fruit_veg,107
C24,6,P23,fruit_veg,107
C54,2,P23,fruit_veg,107
C68,8,P23,fruit_veg,107
C84,1,P23,fruit_veg,107
C84,1,P23,fruit_veg,107
C84,1,P23,fruit_veg,107
C111,1,P23,fruit_veg,107
C58,6,P23,fruit_veg,107
C60,10,P23,fruit_veg,107
C73,2,P23,fruit_veg,107
C80,9,P23,fruit_veg,107
C11,4,P23,fruit_veg,107
C61,4,P23,fruit_veg,107
C51,3,P23,fruit_veg,107
C49,7,P23,fruit_veg,107
C68,8,P23,fruit_veg,107
C81,7,P23,fruit_veg,107
C127,4,P23,fruit_veg,107
C135,2,P23,fruit_veg,107
C39,2,P23,fruit_veg,107
C70,9,P23,fruit_veg,107
C4,5,P23,fruit_veg,107
C11,4,P23,fruit_veg,107
C57,2,P23,fruit_veg,107
C60,10,P23,fruit_veg,107
C84,1,P23,fruit_veg,107
C42,2,P23,fruit_veg,107
C60,10,P23,fruit_veg,107
C129,7,P23,fruit_veg,107
C111,1,P23,fruit_veg,107
C74,5,P23,fruit_veg,107
C102,1,P23,fruit_veg,107
C68,8,P23,fruit_veg,107
C131,4,P23,fruit_veg,107
C131,4,P23,fruit_veg,107
C11,4,P23,fruit_veg,107
C80,9,P23,fruit_veg,107
C80,9,P23,fruit_veg,107
C21,5,P23,fruit_veg,107
C2,4,P23,fruit_veg,107
C29,7,P23,fruit_veg,107
C51,3,P23,fruit_veg,107
C70,9,P23,fruit_veg,107
C98,7,P23,fruit_veg,107
C94,10,P23,fruit_veg,107
C104,7,P23,fruit_veg,107
C114,3,P23,fruit_veg,107
C70,9,P23,fruit_veg,107
C18,8,P23,fruit_veg,107
C108,8,P23,fruit_veg,107
C1,7,P23,fruit_veg,107
C60,10,P23,fruit_veg,107
C117,10,P23,fruit_veg,107
C9,8,P23,fruit_veg,107
C18,8,P33,fruit_veg,90
C57,2,P33,fruit_veg,90
C69,7,P33,fruit_veg,90
C135,2,P33,fruit_veg,90
C57,2,P33,fruit_veg,90
C75,8,P33,fruit_veg,90
C82,9,P33,fruit_veg,90
C66,10,P33,fruit_veg,90
C80,9,P33,fruit_veg,90
C54,2,P33,fruit_veg,90
C47,2,P33,fruit_veg,90
C87,3,P33,fruit_veg,90
C111,1,P33,fruit_veg,90
C116,5,P33,fruit_veg,90
C38,7,P33,fruit_veg,90
C5,7,P33,fruit_veg,90
C35,7,P33,fruit_veg,90
C54,2,P33,fruit_veg,90
C57,2,P33,fruit_veg,90
C47,2,P33,fruit_veg,90
C81,7,P33,fruit_veg,90
C42,2,P33,fruit_veg,90
C32,3,P33,fruit_veg,90
C5,7,P33,fruit_veg,90
C46,5,P33,fruit_veg,90
C29,7,P33,fruit_veg,90
C74,5,P33,fruit_veg,90
C38,7,P33,fruit_veg,90
C104,7,P33,fruit_veg,90
C24,6,P33,fruit_veg,90
C38,7,P33,fruit_veg,90
C68,8,P33,fruit_veg,90
C18,8,P33,fruit_veg,90
C18,8,P33,fruit_veg,90
C80,9,P33,fruit_veg,90
C94,10,P33,fruit_veg,90
C116,5,P33,fruit_veg,90
C38,7,P33,fruit_veg,90
C54,2,P33,fruit_veg,90
C81,7,P33,fruit_veg,90
C111,1,P33,fruit_veg,90
C137,9,P33,fruit_veg,90
C73,2,P33,fruit_veg,90
C24,6,P33,fruit_veg,90
C17,2,P33,fruit_veg,90
C135,2,P33,fruit_veg,90
C87,3,P33,fruit_veg,90
C17,2,P33,fruit_veg,90
C58,6,P33,fruit_veg,90
C57,2,P33,fruit_veg,90
C7,3,P33,fruit_veg,90
C11,4,P33,fruit_veg,90
C11,4,P33,fruit_veg,90
C7,3,P33,fruit_veg,90
C7,3,P33,fruit_veg,90
C7,3,P33,fruit_veg,90
C29,7,P33,fruit_veg,90
C66,10,P33,fruit_veg,90
C60,10,P33,fruit_veg,90
C137,9,P33,fruit_veg,90
C1,7,P33,fruit_veg,90
C60,10,P33,fruit_veg,90
C17,2,P33,fruit_veg,90
C4,5,P33,fruit_veg,90
C80,9,P33,fruit_veg,90
C9,8,P33,fruit_veg,90
C12,8,P33,fruit_veg,90
C11,4,P33,fruit_veg,90
C29,7,P33,fruit_veg,90
C121,10,P33,fruit_veg,90
C73,2,P33,fruit_veg,90
C129,7,P33,fruit_veg,90
C117,10,P33,fruit_veg,90
C81,7,P33,fruit_veg,90
C18,8,P33,fruit_veg,90
C111,1,P33,fruit_veg,90
C31,9,P33,fruit_veg,90
C64,10,P33,fruit_veg,90
C31,9,P33,fruit_veg,90
C51,3,P33,fruit_veg,90
C54,2,P33,fruit_veg,90
C80,9,P33,fruit_veg,90
C11,4,P33,fruit_veg,90
C61,4,P33,fruit_veg,90
C80,9,P33,fruit_veg,90
C9,8,P33,fruit_veg,90
C70,9,P33,fruit_veg,90
C2,4,P33,fruit_veg,90
C117,10,P33,fruit_veg,90
C9,8,P33,fruit_veg,90
C23,10,P05,house,53
C23,10,P05,house,53
C56,4,P05,house,53
C86,8,P05,house,53
C130,7,P05,house,53
C3,8,P05,house,53
C4,5,P05,house,53
C122,10,P05,house,53
C23,10,P05,house,53
C14,3,P05,house,53
C76,10,P05,house,53
C86,8,P05,house,53
C50,8,P05,house,53
C137,9,P05,house,53
C122,10,P05,house,53
C25,9,P05,house,53
C134,6,P05,house,53
C50,8,P05,house,53
C100,8,P05,house,53
C134,6,P05,house,53
C8,7,P05,house,53
C134,6,P05,house,53
C14,3,P05,house,53
C134,6,P05,house,53
C137,9,P05,house,53
C18,8,P05,house,53
C14,3,P05,house,53
C14,3,P05,house,53
C34,3,P05,house,53
C46,5,P05,house,53
C76,10,P05,house,53
C86,8,P05,house,53
C3,8,P05,house,53
C67,4,P05,house,53
C14,3,P05,house,53
C92,1,P05,house,53
C23,10,P05,house,53
C92,1,P05,house,53
C12,8,P05,house,53
C25,9,P05,house,53
C122,10,P05,house,53
C101,2,P05,house,53
C14,3,P05,house,53
C82,9,P05,house,53
C56,4,P05,house,53
C100,8,P05,house,53
C67,4,P05,house,53
C23,10,P05,house,53
C107,3,P05,house,53
C73,2,P05,house,53
C86,8,P05,house,53
C31,9,P05,house,53
C50,8,P05,house,53
C23,10,P03,house,49
C23,10,P03,house,49
C81,7,P03,house,49
C86,8,P03,house,49
C4,5,P03,house,49
C135,2,P03,house,49
C23,10,P03,house,49
C86,8,P03,house,49
C10,5,P03,house,49
C10,5,P03,house,49
C67,4,P03,house,49
C67,4,P03,house,49
C112,3,P03,house,49
C81,7,P03,house,49
C10,5,P03,house,49
C18,8,P03,house,49
C88,1,P03,house,49
C14,3,P03,house,49
C50,8,P03,house,49
C12,8,P03,house,49
C53,4,P03,house,49
C81,7,P03,house,49
C14,3,P03,house,49
C50,8,P03,house,49
C32,3,P03,house,49
C86,8,P03,house,49
C112,3,P03,house,49
C88,1,P03,house,49
C86,8,P03,house,49
C134,6,P03,house,49
C134,6,P03,house,49
C122,10,P03,house,49
C18,8,P03,house,49
C14,3,P03,house,49
C43,10,P03,house,49
C43,10,P03,house,49
C25,9,P03,house,49
C76,10,P03,house,49
C35,7,P03,house,49
C47,2,P03,house,49
C14,3,P03,house,49
C8,7,P03,house,49
C14,3,P03,house,49
C122,10,P03,house,49
C125,1,P03,house,49
C112,3,P03,house,49
C130,7,P03,house,49
C56,4,P03,house,49
C56,4,P03,house,49
C23,10,P04,house,56
C14,3,P04,house,56
C86,8,P04,house,56
C14,3,P04,house,56
C4,5,P04,house,56
C112,3,P04,house,56
C10,5,P04,house,56
C14,3,P04,house,56
C12,8,P04,house,56
C23,10,P04,house,56
C73,2,P04,house,56
C73,2,P04,house,56
C67,4,P04,house,56
C8,7,P04,house,56
C14,3,P04,house,56
C67,4,P04,house,56
C50,8,P04,house,56
C113,5,P04,house,56
C134,6,P04,house,56
C23,10,P04,house,56
C50,8,P04,house,56
C92,1,P04,house,56
C10,5,P04,house,56
C50,8,P04,house,56
C56,4,P04,house,56
C10,5,P04,house,56
C14,3,P04,house,56
C32,3,P04,house,56
C55,8,P04,house,56
C56,4,P04,house,56
C76,10,P04,house,56
C112,3,P04,house,56
C14,3,P04,house,56
C81,7,P04,house,56
C130,7,P04,house,56
C130,7,P04,house,56
C23,10,P04,house,56
C101,2,P04,house,56
C14,3,P04,house,56
C14,3,P04,house,56
C134,6,P04,house,56
C101,2,P04,house,56
C101,2,P04,house,56
C135,2,P04,house,56
C67,4,P04,house,56
C67,4,P04,house,56
C122,10,P04,house,56
C35,7,P04,house,56
C112,3,P04,house,56
C130,7,P04,house,56
C125,1,P04,house,56
C35,7,P04,house,56
C134,6,P04,house,56
C134,6,P04,house,56
C109,6,P04,house,56
C126,4,P04,house,56
C36,5,P19,clothes,31
C36,5,P19,clothes,31
C95,7,P19,clothes,31
C30,4,P19,clothes,31
C107,3,P19,clothes,31
C107,3,P19,clothes,31
C8,7,P19,clothes,31
C79,1,P19,clothes,31
C79,1,P19,clothes,31
C79,1,P19,clothes,31
C6,10,P19,clothes,31
C6,10,P19,clothes,31
C128,5,P19,clothes,31
C8,7,P19,clothes,31
C31,9,P19,clothes,31
C79,1,P19,clothes,31
C128,5,P19,clothes,31
C95,7,P19,clothes,31
C98,7,P19,clothes,31
C113,5,P19,clothes,31
C36,5,P19,clothes,31
C114,3,P19,clothes,31
C114,3,P19,clothes,31
C128,5,P19,clothes,31
C128,5,P19,clothes,31
C5,7,P19,clothes,31
C36,5,P19,clothes,31
C79,1,P19,clothes,31
C79,1,P19,clothes,31
C79,1,P19,clothes,31
C79,1,P19,clothes,31
C36,5,P16,clothes,24
C79,1,P16,clothes,24
C48,4,P16,clothes,24
C114,3,P16,clothes,24
C31,9,P16,clothes,24
C31,9,P16,clothes,24
C48,4,P16,clothes,24
C45,10,P16,clothes,24
C27,10,P16,clothes,24
C99,9,P16,clothes,24
C30,4,P16,clothes,24
C95,7,P16,clothes,24
C45,10,P16,clothes,24
C112,3,P16,clothes,24
C99,9,P16,clothes,24
C128,5,P16,clothes,24
C45,10,P16,clothes,24
C128,5,P16,clothes,24
C99,9,P16,clothes,24
C5,7,P16,clothes,24
C128,5,P16,clothes,24
C128,5,P16,clothes,24
C114,3,P16,clothes,24
C79,1,P16,clothes,24
C41,9,P39,sweets,156
C58,6,P39,sweets,156
C98,7,P39,sweets,156
C103,7,P39,sweets,156
C41,9,P39,sweets,156
C108,8,P39,sweets,156
C65,2,P39,sweets,156
C88,1,P39,sweets,156
C113,5,P39,sweets,156
C125,1,P39,sweets,156
C62,6,P39,sweets,156
C108,8,P39,sweets,156
C108,8,P39,sweets,156
C41,9,P39,sweets,156
C16,5,P39,sweets,156
C55,8,P39,sweets,156
C18,8,P39,sweets,156
C56,4,P39,sweets,156
C26,1,P39,sweets,156
C6,10,P39,sweets,156
C56,4,P39,sweets,156
C65,2,P39,sweets,156
C72,5,P39,sweets,156
C33,5,P39,sweets,156
C58,6,P39,sweets,156
C106,5,P39,sweets,156
C119,7,P39,sweets,156
C125,1,P39,sweets,156
C19,6,P39,sweets,156
C62,6,P39,sweets,156
C132,7,P39,sweets,156
C35,7,P39,sweets,156
C41,9,P39,sweets,156
C53,4,P39,sweets,156
C58,6,P39,sweets,156
C38,7,P39,sweets,156
C40,4,P39,sweets,156
C40,4,P39,sweets,156
C119,7,P39,sweets,156
C118,7,P39,sweets,156
C3,8,P39,sweets,156
C56,4,P39,sweets,156
C59,6,P39,sweets,156
C59,6,P39,sweets,156
C36,5,P39,sweets,156
C46,5,P39,sweets,156
C56,4,P39,sweets,156
C27,10,P39,sweets,156
C35,7,P39,sweets,156
C41,9,P39,sweets,156
C65,2,P39,sweets,156
C95,7,P39,sweets,156
C36,5,P39,sweets,156
C87,3,P39,sweets,156
C101,2,P39,sweets,156
C137,9,P39,sweets,156
C10,5,P39,sweets,156
C56,4,P39,sweets,156
C56,4,P39,sweets,156
C119,7,P39,sweets,156
C119,7,P39,sweets,156
C38,7,P39,sweets,156
C119,7,P39,sweets,156
C16,5,P39,sweets,156
C119,7,P39,sweets,156
C5,7,P39,sweets,156
C6,10,P39,sweets,156
C10,5,P39,sweets,156
C119,7,P39,sweets,156
C16,5,P39,sweets,156
C16,5,P39,sweets,156
C26,1,P39,sweets,156
C118,7,P39,sweets,156
C3,8,P39,sweets,156
C56,4,P39,sweets,156
C70,9,P39,sweets,156
C82,9,P39,sweets,156
C82,9,P39,sweets,156
C19,6,P39,sweets,156
C88,1,P39,sweets,156
C19,6,P39,sweets,156
C19,6,P39,sweets,156
C5,7,P39,sweets,156
C119,7,P39,sweets,156
C19,6,P39,sweets,156
C70,9,P39,sweets,156
C108,8,P39,sweets,156
C19,6,P39,sweets,156
C58,6,P39,sweets,156
C26,1,P39,sweets,156
C26,1,P39,sweets,156
C41,9,P39,sweets,156
C70,9,P39,sweets,156
C106,5,P39,sweets,156
C65,2,P39,sweets,156
C38,7,P39,sweets,156
C46,5,P39,sweets,156
C43,10,P39,sweets,156
C113,5,P39,sweets,156
C10,5,P39,sweets,156
C132,7,P39,sweets,156
C129,7,P39,sweets,156
C58,6,P39,sweets,156
C58,6,P39,sweets,156
C71,8,P39,sweets,156
C6,10,P39,sweets,156
C66,10,P39,sweets,156
C6,10,P39,sweets,156
C65,2,P39,sweets,156
C48,4,P39,sweets,156
C82,9,P39,sweets,156
C109,6,P39,sweets,156
C3,8,P39,sweets,156
C119,7,P39,sweets,156
C97,9,P39,sweets,156
C119,7,P39,sweets,156
C15,6,P39,sweets,156
C83,8,P39,sweets,156
C129,7,P39,sweets,156
C109,6,P39,sweets,156
C119,7,P39,sweets,156
C22,1,P39,sweets,156
C62,6,P39,sweets,156
C105,8,P39,sweets,156
C126,4,P39,sweets,156
C110,3,P39,sweets,156
C62,6,P39,sweets,156
C119,7,P39,sweets,156
C26,1,P39,sweets,156
C65,2,P39,sweets,156
C66,10,P39,sweets,156
C66,10,P39,sweets,156
C75,8,P39,sweets,156
C119,7,P39,sweets,156
C66,10,P39,sweets,156
C66,10,P39,sweets,156
C66,10,P39,sweets,156
C103,7,P39,sweets,156
C21,5,P39,sweets,156
C36,5,P39,sweets,156
C36,5,P39,sweets,156
C41,9,P39,sweets,156
C41,9,P39,sweets,156
C105,8,P39,sweets,156
C108,8,P39,sweets,156
C65,2,P39,sweets,156
C65,2,P39,sweets,156
C119,7,P39,sweets,156
C96,10,P39,sweets,156
C125,1,P39,sweets,156
C119,7,P39,sweets,156
C123,3,P39,sweets,156
C19,6,P39,sweets,156
C19,6,P39,sweets,156
C119,7,P39,sweets,156
C133,3,P39,sweets,156
C46,5,P36,sweets,128
C46,5,P36,sweets,128
C88,1,P36,sweets,128
C41,9,P36,sweets,128
C53,4,P36,sweets,128
C137,9,P36,sweets,128
C16,5,P36,sweets,128
C41,9,P36,sweets,128
C55,8,P36,sweets,128
C65,2,P36,sweets,128
C66,10,P36,sweets,128
C137,9,P36,sweets,128
C26,1,P36,sweets,128
C37,9,P36,sweets,128
C41,9,P36,sweets,128
C59,6,P36,sweets,128
C65,2,P36,sweets,128
C58,6,P36,sweets,128
C119,7,P36,sweets,128
C40,4,P36,sweets,128
C41,9,P36,sweets,128
C41,9,P36,sweets,128
C41,9,P36,sweets,128
C62,6,P36,sweets,128
C5,7,P36,sweets,128
C108,8,P36,sweets,128
C35,7,P36,sweets,128
C41,9,P36,sweets,128
C58,6,P36,sweets,128
C38,7,P36,sweets,128
C119,7,P36,sweets,128
C5,7,P36,sweets,128
C125,1,P36,sweets,128
C129,7,P36,sweets,128
C16,5,P36,sweets,128
C16,5,P36,sweets,128
C27,10,P36,sweets,128
C55,8,P36,sweets,128
C55,8,P36,sweets,128
C95,7,P36,sweets,128
C36,5,P36,sweets,128
C10,5,P36,sweets,128
C119,7,P36,sweets,128
C133,3,P36,sweets,128
C56,4,P36,sweets,128
C103,7,P36,sweets,128
C65,2,P36,sweets,128
C88,1,P36,sweets,128
C88,1,P36,sweets,128
C129,7,P36,sweets,128
C6,10,P36,sweets,128
C119,7,P36,sweets,128
C119,7,P36,sweets,128
C126,4,P36,sweets,128
C6,10,P36,sweets,128
C108,8,P36,sweets,128
C119,7,P36,sweets,128
C41,9,P36,sweets,128
C56,4,P36,sweets,128
C88,1,P36,sweets,128
C119,7,P36,sweets,128
C132,7,P36,sweets,128
C82,9,P36,sweets,128
C103,7,P36,sweets,128
C65,2,P36,sweets,128
C65,2,P36,sweets,128
C65,2,P36,sweets,128
C123,3,P36,sweets,128
C19,6,P36,sweets,128
C66,10,P36,sweets,128
C110,3,P36,sweets,128
C58,6,P36,sweets,128
C70,9,P36,sweets,128
C106,5,P36,sweets,128
C108,8,P36,sweets,128
C19,6,P36,sweets,128
C40,4,P36,sweets,128
C70,9,P36,sweets,128
C71,8,P36,sweets,128
C75,8,P36,sweets,128
C41,9,P36,sweets,128
C95,7,P36,sweets,128
C132,7,P36,sweets,128
C56,4,P36,sweets,128
C40,4,P36,sweets,128
C53,4,P36,sweets,128
C105,8,P36,sweets,128
C105,8,P36,sweets,128
C96,10,P36,sweets,128
C43,10,P36,sweets,128
C46,5,P36,sweets,128
C27,10,P36,sweets,128
C27,10,P36,sweets,128
C41,9,P36,sweets,128
C62,6,P36,sweets,128
C74,5,P36,sweets,128
C3,8,P36,sweets,128
C66,10,P36,sweets,128
C67,4,P36,sweets,128
C108,8,P36,sweets,128
C108,8,P36,sweets,128
C129,7,P36,sweets,128
C3,8,P36,sweets,128
C5,7,P36,sweets,128
C3,8,P36,sweets,128
C6,10,P36,sweets,128
C126,4,P36,sweets,128
C41,9,P36,sweets,128
C26,1,P36,sweets,128
C65,2,P36,sweets,128
C133,3,P36,sweets,128
C133,3,P36,sweets,128
C65,2,P36,sweets,128
C119,7,P36,sweets,128
C41,9,P36,sweets,128
C119,7,P36,sweets,128
C119,7,P36,sweets,128
C75,8,P36,sweets,128
C97,9,P36,sweets,128
C125,1,P36,sweets,128
C119,7,P36,sweets,128
C10,5,P36,sweets,128
C26,1,P36,sweets,128
C26,1,P36,sweets,128
C46,5,P36,sweets,128
C129,7,P36,sweets,128
C133,3,P36,sweets,128
C119,7,P36,sweets,128
C46,5,P40,sweets,137
C58,6,P40,sweets,137
C106,5,P40,sweets,137
C41,9,P40,sweets,137
C56,4,P40,sweets,137
C56,4,P40,sweets,137
C37,9,P40,sweets,137
C37,9,P40,sweets,137
C37,9,P40,sweets,137
C67,4,P40,sweets,137
C110,3,P40,sweets,137
C62,6,P40,sweets,137
C98,7,P40,sweets,137
C5,7,P40,sweets,137
C18,8,P40,sweets,137
C19,6,P40,sweets,137
C41,9,P40,sweets,137
C70,9,P40,sweets,137
C22,1,P40,sweets,137
C56,4,P40,sweets,137
C59,6,P40,sweets,137
C72,5,P40,sweets,137
C58,6,P40,sweets,137
C76,10,P40,sweets,137
C106,5,P40,sweets,137
C125,1,P40,sweets,137
C62,6,P40,sweets,137
C19,6,P40,sweets,137
C103,7,P40,sweets,137
C58,6,P40,sweets,137
C132,7,P40,sweets,137
C38,7,P40,sweets,137
C37,9,P40,sweets,137
C74,5,P40,sweets,137
C119,7,P40,sweets,137
C18,8,P40,sweets,137
C18,8,P40,sweets,137
C36,5,P40,sweets,137
C56,4,P40,sweets,137
C98,7,P40,sweets,137
C98,7,P40,sweets,137
C15,6,P40,sweets,137
C26,1,P40,sweets,137
C28,3,P40,sweets,137
C41,9,P40,sweets,137
C41,9,P40,sweets,137
C3,8,P40,sweets,137
C95,7,P40,sweets,137
C103,7,P40,sweets,137
C103,7,P40,sweets,137
C40,4,P40,sweets,137
C87,3,P40,sweets,137
C137,9,P40,sweets,137
C35,7,P40,sweets,137
C62,6,P40,sweets,137
C10,5,P40,sweets,137
C10,5,P40,sweets,137
C126,4,P40,sweets,137
C129,7,P40,sweets,137
C76,10,P40,sweets,137
C15,6,P40,sweets,137
C95,7,P40,sweets,137
C26,1,P40,sweets,137
C106,5,P40,sweets,137
C65,2,P40,sweets,137
C82,9,P40,sweets,137
C88,1,P40,sweets,137
C101,2,P40,sweets,137
C105,8,P40,sweets,137
C70,9,P40,sweets,137
C133,3,P40,sweets,137
C36,5,P40,sweets,137
C19,6,P40,sweets,137
C16,5,P40,sweets,137
C16,5,P40,sweets,137
C110,3,P40,sweets,137
C126,4,P40,sweets,137
C62,6,P40,sweets,137
C20,2,P40,sweets,137
C106,5,P40,sweets,137
C119,7,P40,sweets,137
C19,6,P40,sweets,137
C74,5,P40,sweets,137
C28,3,P40,sweets,137
C28,3,P40,sweets,137
C66,10,P40,sweets,137
C41,9,P40,sweets,137
C70,9,P40,sweets,137
C10,5,P40,sweets,137
C10,5,P40,sweets,137
C113,5,P40,sweets,137
C5,7,P40,sweets,137
C10,5,P40,sweets,137
C41,9,P40,sweets,137
C70,9,P40,sweets,137
C48,4,P40,sweets,137
C119,7,P40,sweets,137
C6,10,P40,sweets,137
C53,4,P40,sweets,137
C129,7,P40,sweets,137
C96,10,P40,sweets,137
C5,7,P40,sweets,137
C59,6,P40,sweets,137
C95,7,P40,sweets,137
C82,9,P40,sweets,137
C132,7,P40,sweets,137
C66,10,P40,sweets,137
C67,4,P40,sweets,137
C74,5,P40,sweets,137
C98,7,P40,sweets,137
C67,4,P40,sweets,137
C62,6,P40,sweets,137
C110,3,P40,sweets,137
C6,10,P40,sweets,137
C105,8,P40,sweets,137
C126,4,P40,sweets,137
C41,9,P40,sweets,137
C62,6,P40,sweets,137
C119,7,P40,sweets,137
C36,5,P40,sweets,137
C46,5,P40,sweets,137
C75,8,P40,sweets,137
C103,7,P40,sweets,137
C103,7,P40,sweets,137
C71,8,P40,sweets,137
C71,8,P40,sweets,137
C119,7,P40,sweets,137
C19,6,P40,sweets,137
C36,5,P40,sweets,137
C41,9,P40,sweets,137
C65,2,P40,sweets,137
C65,2,P40,sweets,137
C66,10,P40,sweets,137
C65,2,P40,sweets,137
C88,1,P40,sweets,137
C110,3,P40,sweets,137
C118,7,P40,sweets,137
C57,2,P30,fruit_veg,96
C70,9,P30,fruit_veg,96
C70,9,P30,fruit_veg,96
C129,7,P30,fruit_veg,96
C20,2,P30,fruit_veg,96
C116,5,P30,fruit_veg,96
C11,4,P30,fruit_veg,96
C137,9,P30,fruit_veg,96
C137,9,P30,fruit_veg,96
C131,4,P30,fruit_veg,96
C96,10,P30,fruit_veg,96
C96,10,P30,fruit_veg,96
C47,2,P30,fruit_veg,96
C116,5,P30,fruit_veg,96
C116,5,P30,fruit_veg,96
C11,4,P30,fruit_veg,96
C117,10,P30,fruit_veg,96
C81,7,P30,fruit_veg,96
C5,7,P30,fruit_veg,96
C9,8,P30,fruit_veg,96
C64,10,P30,fruit_veg,96
C127,4,P30,fruit_veg,96
C1,7,P30,fruit_veg,96
C29,7,P30,fruit_veg,96
C42,2,P30,fruit_veg,96
C63,2,P30,fruit_veg,96
C98,7,P30,fruit_veg,96
C2,4,P30,fruit_veg,96
C17,2,P30,fruit_veg,96
C80,9,P30,fruit_veg,96
C80,9,P30,fruit_veg,96
C64,10,P30,fruit_veg,96
C32,3,P30,fruit_veg,96
C60,10,P30,fruit_veg,96
C56,4,P30,fruit_veg,96
C51,3,P30,fruit_veg,96
C111,1,P30,fruit_veg,96
C108,8,P30,fruit_veg,96
C111,1,P30,fruit_veg,96
C111,1,P30,fruit_veg,96
C135,2,P30,fruit_veg,96
C116,5,P30,fruit_veg,96
C123,3,P30,fruit_veg,96
C49,7,P30,fruit_veg,96
C66,10,P30,fruit_veg,96
C80,9,P30,fruit_veg,96
C93,5,P30,fruit_veg,96
C111,1,P30,fruit_veg,96
C80,9,P30,fruit_veg,96
C137,9,P30,fruit_veg,96
C17,2,P30,fruit_veg,96
C75,8,P30,fruit_veg,96
C87,3,P30,fruit_veg,96
C51,3,P30,fruit_veg,96
C69,7,P30,fruit_veg,96
C82,9,P30,fruit_veg,96
C57,2,P30,fruit_veg,96
C81,7,P30,fruit_veg,96
C102,1,P30,fruit_veg,96
C51,3,P30,fruit_veg,96
C60,10,P30,fruit_veg,96
C1,7,P30,fruit_veg,96
C54,2,P30,fruit_veg,96
C38,7,P30,fruit_veg,96
C63,2,P30,fruit_veg,96
C98,7,P30,fruit_veg,96
C75,8,P30,fruit_veg,96
C80,9,P30,fruit_veg,96
C17,2,P30,fruit_veg,96
C18,8,P30,fruit_veg,96
C18,8,P30,fruit_veg,96
C121,10,P30,fruit_veg,96
C104,7,P30,fruit_veg,96
C11,4,P30,fruit_veg,96
C112,3,P30,fruit_veg,96
C29,7,P30,fruit_veg,96
C80,9,P30,fruit_veg,96
C87,3,P30,fruit_veg,96
C11,4,P30,fruit_veg,96
C27,10,P30,fruit_veg,96
C1,7,P30,fruit_veg,96
C104,7,P30,fruit_veg,96
C74,5,P30,fruit_veg,96
C60,10,P30,fruit_veg,96
C2,4,P30,fruit_veg,96
C70,9,P30,fruit_veg,96
C73,2,P30,fruit_veg,96
C104,7,P30,fruit_veg,96
C114,3,P30,fruit_veg,96
C116,5,P30,fruit_veg,96
C129,7,P30,fruit_veg,96
C5,7,P30,fruit_veg,96
C75,8,P30,fruit_veg,96
C24,6,P30,fruit_veg,96
C60,10,P30,fruit_veg,96
C94,10,P30,fruit_veg,96
C58,6,P38,sweets,127
C37,9,P38,sweets,127
C37,9,P38,sweets,127
C74,5,P38,sweets,127
C56,4,P38,sweets,127
C65,2,P38,sweets,127
C119,7,P38,sweets,127
C119,7,P38,sweets,127
C97,9,P38,sweets,127
C137,9,P38,sweets,127
C137,9,P38,sweets,127
C35,7,P38,sweets,127
C37,9,P38,sweets,127
C41,9,P38,sweets,127
C26,1,P38,sweets,127
C103,7,P38,sweets,127
C6,10,P38,sweets,127
C22,1,P38,sweets,127
C106,5,P38,sweets,127
C40,4,P38,sweets,127
C125,1,P38,sweets,127
C5,7,P38,sweets,127
C41,9,P38,sweets,127
C62,6,P38,sweets,127
C108,8,P38,sweets,127
C53,4,P38,sweets,127
C103,7,P38,sweets,127
C53,4,P38,sweets,127
C118,7,P38,sweets,127
C103,7,P38,sweets,127
C35,7,P38,sweets,127
C55,8,P38,sweets,127
C33,5,P38,sweets,127
C108,8,P38,sweets,127
C87,3,P38,sweets,127
C103,7,P38,sweets,127
C38,7,P38,sweets,127
C41,9,P38,sweets,127
C16,5,P38,sweets,127
C67,4,P38,sweets,127
C70,9,P38,sweets,127
C10,5,P38,sweets,127
C19,6,P38,sweets,127
C126,4,P38,sweets,127
C119,7,P38,sweets,127
C106,5,P38,sweets,127
C3,8,P38,sweets,127
C3,8,P38,sweets,127
C72,5,P38,sweets,127
C129,7,P38,sweets,127
C19,6,P38,sweets,127
C41,9,P38,sweets,127
C19,6,P38,sweets,127
C70,9,P38,sweets,127
C27,10,P38,sweets,127
C27,10,P38,sweets,127
C110,3,P38,sweets,127
C36,5,P38,sweets,127
C103,7,P38,sweets,127
C27,10,P38,sweets,127
C119,7,P38,sweets,127
C119,7,P38,sweets,127
C70,9,P38,sweets,127
C58,6,P38,sweets,127
C28,3,P38,sweets,127
C41,9,P38,sweets,127
C41,9,P38,sweets,127
C70,9,P38,sweets,127
C41,9,P38,sweets,127
C41,9,P38,sweets,127
C71,8,P38,sweets,127
C103,7,P38,sweets,127
C103,7,P38,sweets,127
C71,8,P38,sweets,127
C119,7,P38,sweets,127
C119,7,P38,sweets,127
C129,7,P38,sweets,127
C58,6,P38,sweets,127
C71,8,P38,sweets,127
C119,7,P38,sweets,127
C18,8,P38,sweets,127
C129,7,P38,sweets,127
C43,10,P38,sweets,127
C46,5,P38,sweets,127
C59,6,P38,sweets,127
C3,8,P38,sweets,127
C56,4,P38,sweets,127
C3,8,P38,sweets,127
C97,9,P38,sweets,127
C98,7,P38,sweets,127
C36,5,P38,sweets,127
C119,7,P38,sweets,127
C129,7,P38,sweets,127
C118,7,P38,sweets,127
C3,8,P38,sweets,127
C65,2,P38,sweets,127
C65,2,P38,sweets,127
C5,7,P38,sweets,127
C3,8,P38,sweets,127
C6,10,P38,sweets,127
C41,9,P38,sweets,127
C70,9,P38,sweets,127
C119,7,P38,sweets,127
C26,1,P38,sweets,127
C36,5,P38,sweets,127
C41,9,P38,sweets,127
C3,8,P38,sweets,127
C28,3,P38,sweets,127
C65,2,P38,sweets,127
C65,2,P38,sweets,127
C21,5,P38,sweets,127
C15,6,P38,sweets,127
C119,7,P38,sweets,127
C126,4,P38,sweets,127
C126,4,P38,sweets,127
C65,2,P38,sweets,127
C75,8,P38,sweets,127
C97,9,P38,sweets,127
C65,2,P38,sweets,127
C65,2,P38,sweets,127
C119,7,P38,sweets,127
C26,1,P38,sweets,127
C59,6,P38,sweets,127
C119,7,P38,sweets,127
C129,7,P38,sweets,127
C129,7,P38,sweets,127
C133,3,P38,sweets,127
C65,2,P37,sweets,151
C106,5,P37,sweets,151
C6,10,P37,sweets,151
C56,4,P37,sweets,151
C65,2,P37,sweets,151
C88,1,P37,sweets,151
C113,5,P37,sweets,151
C119,7,P37,sweets,151
C56,4,P37,sweets,151
C101,2,P37,sweets,151
C6,10,P37,sweets,151
C53,4,P37,sweets,151
C70,9,P37,sweets,151
C110,3,P37,sweets,151
C110,3,P37,sweets,151
C37,9,P37,sweets,151
C41,9,P37,sweets,151
C55,8,P37,sweets,151
C62,6,P37,sweets,151
C98,7,P37,sweets,151
C5,7,P37,sweets,151
C18,8,P37,sweets,151
C118,7,P37,sweets,151
C137,9,P37,sweets,151
C41,9,P37,sweets,151
C41,9,P37,sweets,151
C33,5,P37,sweets,151
C119,7,P37,sweets,151
C108,8,P37,sweets,151
C103,7,P37,sweets,151
C53,4,P37,sweets,151
C119,7,P37,sweets,151
C18,8,P37,sweets,151
C22,1,P37,sweets,151
C46,5,P37,sweets,151
C10,5,P37,sweets,151
C27,10,P37,sweets,151
C28,3,P37,sweets,151
C33,5,P37,sweets,151
C36,5,P37,sweets,151
C103,7,P37,sweets,151
C10,5,P37,sweets,151
C105,8,P37,sweets,151
C16,5,P37,sweets,151
C38,7,P37,sweets,151
C35,7,P37,sweets,151
C66,10,P37,sweets,151
C119,7,P37,sweets,151
C67,4,P37,sweets,151
C18,8,P37,sweets,151
C46,5,P37,sweets,151
C10,5,P37,sweets,151
C15,6,P37,sweets,151
C119,7,P37,sweets,151
C126,4,P37,sweets,151
C126,4,P37,sweets,151
C16,5,P37,sweets,151
C110,3,P37,sweets,151
C106,5,P37,sweets,151
C118,7,P37,sweets,151
C10,5,P37,sweets,151
C129,7,P37,sweets,151
C19,6,P37,sweets,151
C48,4,P37,sweets,151
C105,8,P37,sweets,151
C119,7,P37,sweets,151
C6,10,P37,sweets,151
C119,7,P37,sweets,151
C133,3,P37,sweets,151
C5,7,P37,sweets,151
C110,3,P37,sweets,151
C82,9,P37,sweets,151
C27,10,P37,sweets,151
C48,4,P37,sweets,151
C5,7,P37,sweets,151
C5,7,P37,sweets,151
C70,9,P37,sweets,151
C19,6,P37,sweets,151
C28,3,P37,sweets,151
C70,9,P37,sweets,151
C70,9,P37,sweets,151
C108,8,P37,sweets,151
C110,3,P37,sweets,151
C118,7,P37,sweets,151
C119,7,P37,sweets,151
C3,8,P37,sweets,151
C5,7,P37,sweets,151
C5,7,P37,sweets,151
C16,5,P37,sweets,151
C40,4,P37,sweets,151
C62,6,P37,sweets,151
C56,4,P37,sweets,151
C56,4,P37,sweets,151
C65,2,P37,sweets,151
C56,4,P37,sweets,151
C129,7,P37,sweets,151
C129,7,P37,sweets,151
C6,10,P37,sweets,151
C6,10,P37,sweets,151
C74,5,P37,sweets,151
C58,6,P37,sweets,151
C18,8,P37,sweets,151
C53,4,P37,sweets,151
C66,10,P37,sweets,151
C6,10,P37,sweets,151
C6,10,P37,sweets,151
C72,5,P37,sweets,151
C129,7,P37,sweets,151
C27,10,P37,sweets,151
C109,6,P37,sweets,151
C109,6,P37,sweets,151
C132,7,P37,sweets,151
C67,4,P37,sweets,151
C74,5,P37,sweets,151
C119,7,P37,sweets,151
C36,5,P37,sweets,151
C75,8,P37,sweets,151
C118,7,P37,sweets,151
C36,5,P37,sweets,151
C75,8,P37,sweets,151
C105,8,P37,sweets,151
C3,8,P37,sweets,151
C5,7,P37,sweets,151
C37,9,P37,sweets,151
C105,8,P37,sweets,151
C70,9,P37,sweets,151
C70,9,P37,sweets,151
C16,5,P37,sweets,151
C65,2,P37,sweets,151
C41,9,P37,sweets,151
C41,9,P37,sweets,151
C46,5,P37,sweets,151
C66,10,P37,sweets,151
C65,2,P37,sweets,151
C28,3,P37,sweets,151
C95,7,P37,sweets,151
C41,9,P37,sweets,151
C41,9,P37,sweets,151
C16,5,P37,sweets,151
C16,5,P37,sweets,151
C41,9,P37,sweets,151
C105,8,P37,sweets,151
C105,8,P37,sweets,151
C98,7,P37,sweets,151
C65,2,P37,sweets,151
C125,1,P37,sweets,151
C46,5,P37,sweets,151
C125,1,P37,sweets,151
C88,1,P37,sweets,151
C19,6,P37,sweets,151
C119,7,P37,sweets,151
C69,7,P26,fruit_veg,93
C51,3,P26,fruit_veg,93
C71,8,P26,fruit_veg,93
C75,8,P26,fruit_veg,93
C63,2,P26,fruit_veg,93
C51,3,P26,fruit_veg,93
C66,10,P26,fruit_veg,93
C66,10,P26,fruit_veg,93
C17,2,P26,fruit_veg,93
C116,5,P26,fruit_veg,93
C40,4,P26,fruit_veg,93
C18,8,P26,fruit_veg,93
C54,2,P26,fruit_veg,93
C131,4,P26,fruit_veg,93
C75,8,P26,fruit_veg,93
C75,8,P26,fruit_veg,93
C94,10,P26,fruit_veg,93
C49,7,P26,fruit_veg,93
C111,1,P26,fruit_veg,93
C117,10,P26,fruit_veg,93
C9,8,P26,fruit_veg,93
C108,8,P26,fruit_veg,93
C40,4,P26,fruit_veg,93
C40,4,P26,fruit_veg,93
C18,8,P26,fruit_veg,93
C71,8,P26,fruit_veg,93
C121,10,P26,fruit_veg,93
C29,7,P26,fruit_veg,93
C83,8,P26,fruit_veg,93
C5,7,P26,fruit_veg,93
C7,3,P26,fruit_veg,93
C24,6,P26,fruit_veg,93
C38,7,P26,fruit_veg,93
C51,3,P26,fruit_veg,93
C126,4,P26,fruit_veg,93
C18,8,P26,fruit_veg,93
C102,1,P26,fruit_veg,93
C60,10,P26,fruit_veg,93
C11,4,P26,fruit_veg,93
C49,7,P26,fruit_veg,93
C66,10,P26,fruit_veg,93
C93,5,P26,fruit_veg,93
C123,3,P26,fruit_veg,93
C98,7,P26,fruit_veg,93
C35,7,P26,fruit_veg,93
C9,8,P26,fruit_veg,93
C135,2,P26,fruit_veg,93
C111,1,P26,fruit_veg,93
C80,9,P26,fruit_veg,93
C114,3,P26,fruit_veg,93
C116,5,P26,fruit_veg,93
C127,4,P26,fruit_veg,93
C66,10,P26,fruit_veg,93
C7,3,P26,fruit_veg,93
C136,10,P26,fruit_veg,93
C98,7,P26,fruit_veg,93
C49,7,P26,fruit_veg,93
C35,7,P26,fruit_veg,93
C57,2,P26,fruit_veg,93
C81,7,P26,fruit_veg,93
C49,7,P26,fruit_veg,93
C42,2,P26,fruit_veg,93
C129,7,P26,fruit_veg,93
C45,10,P26,fruit_veg,93
C117,10,P26,fruit_veg,93
C22,1,P26,fruit_veg,93
C87,3,P26,fruit_veg,93
C97,9,P26,fruit_veg,93
C27,10,P26,fruit_veg,93
C58,6,P26,fruit_veg,93
C126,4,P26,fruit_veg,93
C81,7,P26,fruit_veg,93
C49,7,P26,fruit_veg,93
C94,10,P26,fruit_veg,93
C31,9,P26,fruit_veg,93
C39,2,P26,fruit_veg,93
C69,7,P26,fruit_veg,93
C69,7,P26,fruit_veg,93
C127,4,P26,fruit_veg,93
C17,2,P26,fruit_veg,93
C111,1,P26,fruit_veg,93
C73,2,P26,fruit_veg,93
C87,3,P26,fruit_veg,93
C131,4,P26,fruit_veg,93
C131,4,P26,fruit_veg,93
C9,8,P26,fruit_veg,93
C111,1,P26,fruit_veg,93
C29,7,P26,fruit_veg,93
C71,8,P26,fruit_veg,93
C9,8,P26,fruit_veg,93
C21,5,P26,fruit_veg,93
C1,7,P26,fruit_veg,93
C2,4,P26,fruit_veg,93
C74,5,P22,fruit_veg,92
C51,3,P22,fruit_veg,92
C75,8,P22,fruit_veg,92
C93,5,P22,fruit_veg,92
C98,7,P22,fruit_veg,92
C80,9,P22,fruit_veg,92
C80,9,P22,fruit_veg,92
C60,10,P22,fruit_veg,92
C135,2,P22,fruit_veg,92
C38,7,P22,fruit_veg,92
C51,3,P22,fruit_veg,92
C80,9,P22,fruit_veg,92
C80,9,P22,fruit_veg,92
C84,1,P22,fruit_veg,92
C116,5,P22,fruit_veg,92
C31,9,P22,fruit_veg,92
C18,8,P22,fruit_veg,92
C116,5,P22,fruit_veg,92
C108,8,P22,fruit_veg,92
C64,10,P22,fruit_veg,92
C46,5,P22,fruit_veg,92
C29,7,P22,fruit_veg,92
C46,5,P22,fruit_veg,92
C35,7,P22,fruit_veg,92
C83,8,P22,fruit_veg,92
C70,9,P22,fruit_veg,92
C105,8,P22,fruit_veg,92
C73,2,P22,fruit_veg,92
C111,1,P22,fruit_veg,92
C69,7,P22,fruit_veg,92
C69,7,P22,fruit_veg,92
C60,10,P22,fruit_veg,92
C129,7,P22,fruit_veg,92
C1,7,P22,fruit_veg,92
C5,7,P22,fruit_veg,92
C29,7,P22,fruit_veg,92
C80,9,P22,fruit_veg,92
C93,5,P22,fruit_veg,92
C46,5,P22,fruit_veg,92
C111,1,P22,fruit_veg,92
C75,8,P22,fruit_veg,92
C24,6,P22,fruit_veg,92
C27,10,P22,fruit_veg,92
C68,8,P22,fruit_veg,92
C60,10,P22,fruit_veg,92
C84,1,P22,fruit_veg,92
C51,3,P22,fruit_veg,92
C57,2,P22,fruit_veg,92
C29,7,P22,fruit_veg,92
C51,3,P22,fruit_veg,92
C82,9,P22,fruit_veg,92
C68,8,P22,fruit_veg,92
C74,5,P22,fruit_veg,92
C117,10,P22,fruit_veg,92
C29,7,P22,fruit_veg,92
C96,10,P22,fruit_veg,92
C46,5,P22,fruit_veg,92
C1,7,P22,fruit_veg,92
C39,2,P22,fruit_veg,92
C51,3,P22,fruit_veg,92
C27,10,P22,fruit_veg,92
C70,9,P22,fruit_veg,92
C136,10,P22,fruit_veg,92
C29,7,P22,fruit_veg,92
C60,10,P22,fruit_veg,92
C121,10,P22,fruit_veg,92
C49,7,P22,fruit_veg,92
C104,7,P22,fruit_veg,92
C129,7,P22,fruit_veg,92
C111,1,P22,fruit_veg,92
C94,10,P22,fruit_veg,92
C80,9,P22,fruit_veg,92
C18,8,P22,fruit_veg,92
C22,1,P22,fruit_veg,92
C54,2,P22,fruit_veg,92
C68,8,P22,fruit_veg,92
C106,5,P22,fruit_veg,92
C18,8,P22,fruit_veg,92
C111,1,P22,fruit_veg,92
C24,6,P22,fruit_veg,92
C131,4,P22,fruit_veg,92
C73,2,P22,fruit_veg,92
C38,7,P22,fruit_veg,92
C61,4,P22,fruit_veg,92
C131,4,P22,fruit_veg,92
C9,8,P22,fruit_veg,92
C49,7,P22,fruit_veg,92
C80,9,P22,fruit_veg,92
C21,5,P22,fruit_veg,92
C17,2,P22,fruit_veg,92
C75,8,P22,fruit_veg,92
C136,10,P22,fruit_veg,92
C76,10,P47,food,47
C89,8,P47,food,47
C27,10,P47,food,47
C17,2,P47,food,47
C27,10,P47,food,47
C86,8,P47,food,47
C24,6,P47,food,47
C24,6,P47,food,47
C133,3,P47,food,47
C116,5,P47,food,47
C124,7,P47,food,47
C71,8,P47,food,47
C129,7,P47,food,47
C29,7,P47,food,47
C71,8,P47,food,47
C86,8,P47,food,47
C6,10,P47,food,47
C136,10,P47,food,47
C96,10,P47,food,47
C52,1,P47,food,47
C136,10,P47,food,47
C97,9,P47,food,47
C85,8,P47,food,47
C136,10,P47,food,47
C24,6,P47,food,47
C98,7,P47,food,47
C86,8,P47,food,47
C130,7,P47,food,47
C38,7,P47,food,47
C6,10,P47,food,47
C32,3,P47,food,47
C91,3,P47,food,47
C95,7,P47,food,47
C122,10,P47,food,47
C77,9,P47,food,47
C61,4,P47,food,47
C79,1,P47,food,47
C122,10,P47,food,47
C116,5,P47,food,47
C133,3,P47,food,47
C92,1,P47,food,47
C128,5,P47,food,47
C66,10,P47,food,47
C7,3,P47,food,47
C126,4,P47,food,47
C32,3,P47,food,47
C6,10,P47,food,47
C76,10,P41,food,62
C83,8,P41,food,62
C27,10,P41,food,62
C45,10,P41,food,62
C54,2,P41,food,62
C33,5,P41,food,62
C39,2,P41,food,62
C109,6,P41,food,62
C133,3,P41,food,62
C8,7,P41,food,62
C32,3,P41,food,62
C95,7,P41,food,62
C116,5,P41,food,62
C134,6,P41,food,62
C126,4,P41,food,62
C133,3,P41,food,62
C1,7,P41,food,62
C77,9,P41,food,62
C75,8,P41,food,62
C130,7,P41,food,62
C66,10,P41,food,62
C33,5,P41,food,62
C6,10,P41,food,62
C114,3,P41,food,62
C50,8,P41,food,62
C79,1,P41,food,62
C116,5,P41,food,62
C120,9,P41,food,62
C15,6,P41,food,62
C120,9,P41,food,62
C86,8,P41,food,62
C86,8,P41,food,62
C100,8,P41,food,62
C94,10,P41,food,62
C75,8,P41,food,62
C100,8,P41,food,62
C27,10,P41,food,62
C17,2,P41,food,62
C72,5,P41,food,62
C83,8,P41,food,62
C130,7,P41,food,62
C36,5,P41,food,62
C100,8,P41,food,62
C89,8,P41,food,62
C95,7,P41,food,62
C1,7,P41,food,62
C95,7,P41,food,62
C124,7,P41,food,62
C89,8,P41,food,62
C130,7,P41,food,62
C39,2,P41,food,62
C120,9,P41,food,62
C62,6,P41,food,62
C133,3,P41,food,62
C97,9,P41,food,62
C122,10,P41,food,62
C120,9,P41,food,62
C129,7,P41,food,62
C86,8,P41,food,62
C32,3,P41,food,62
C100,8,P41,food,62
C120,9,P41,food,62
C76,10,P46,food,57
C65,2,P46,food,57
C83,8,P46,food,57
C134,6,P46,food,57
C85,8,P46,food,57
C65,2,P46,food,57
C96,10,P46,food,57
C127,4,P46,food,57
C82,9,P46,food,57
C17,2,P46,food,57
C89,8,P46,food,57
C95,7,P46,food,57
C133,3,P46,food,57
C77,9,P46,food,57
C17,2,P46,food,57
C1,7,P46,food,57
C109,6,P46,food,57
C20,2,P46,food,57
C77,9,P46,food,57
C85,8,P46,food,57
C6,10,P46,food,57
C133,3,P46,food,57
C6,10,P46,food,57
C38,7,P46,food,57
C114,3,P46,food,57
C122,10,P46,food,57
C116,5,P46,food,57
C8,7,P46,food,57
C24,6,P46,food,57
C115,1,P46,food,57
C94,10,P46,food,57
C85,8,P46,food,57
C85,8,P46,food,57
C136,10,P46,food,57
C20,2,P46,food,57
C126,4,P46,food,57
C124,7,P46,food,57
C71,8,P46,food,57
C52,1,P46,food,57
C91,3,P46,food,57
C133,3,P46,food,57
C136,10,P46,food,57
C1,7,P46,food,57
C91,3,P46,food,57
C133,3,P46,food,57
C133,3,P46,food,57
C38,7,P46,food,57
C52,1,P46,food,57
C63,2,P46,food,57
C63,2,P46,food,57
C17,2,P46,food,57
C122,10,P46,food,57
C24,6,P46,food,57
C27,10,P46,food,57
C27,10,P46,food,57
C82,9,P46,food,57
C38,7,P46,food,57
C86,8,P60,food,67
C43,10,P60,food,67
C107,3,P60,food,67
C27,10,P60,food,67
C124,7,P60,food,67
C33,5,P60,food,67
C39,2,P60,food,67
C134,6,P60,food,67
C32,3,P60,food,67
C77,9,P60,food,67
C45,10,P60,food,67
C61,4,P60,food,67
C62,6,P60,food,67
C86,8,P60,food,67
C77,9,P60,food,67
C115,1,P60,food,67
C77,9,P60,food,67
C122,10,P60,food,67
C128,5,P60,food,67
C85,8,P60,food,67
C96,10,P60,food,67
C127,4,P60,food,67
C38,7,P60,food,67
C116,5,P60,food,67
C33,5,P60,food,67
C33,5,P60,food,67
C129,7,P60,food,67
C79,1,P60,food,67
C97,9,P60,food,67
C97,9,P60,food,67
C85,8,P60,food,67
C89,8,P60,food,67
C20,2,P60,food,67
C85,8,P60,food,67
C85,8,P60,food,67
C136,10,P60,food,67
C92,1,P60,food,67
C1,7,P60,food,67
C17,2,P60,food,67
C114,3,P60,food,67
C128,5,P60,food,67
C33,5,P60,food,67
C20,2,P60,food,67
C95,7,P60,food,67
C17,2,P60,food,67
C63,2,P60,food,67
C77,9,P60,food,67
C134,6,P60,food,67
C117,10,P60,food,67
C77,9,P60,food,67
C33,5,P60,food,67
C133,3,P60,food,67
C6,10,P60,food,67
C1,7,P60,food,67
C95,7,P60,food,67
C53,4,P60,food,67
C6,10,P60,food,67
C128,5,P60,food,67
C129,7,P60,food,67
C27,10,P60,food,67
C76,10,P60,food,67
C77,9,P60,food,67
C77,9,P60,food,67
C7,3,P60,food,67
C124,7,P60,food,67
C89,8,P60,food,67
C92,1,P60,food,67
C86,8,P49,food,61
C17,2,P49,food,61
C20,2,P49,food,61
C136,10,P49,food,61
C115,1,P49,food,61
C122,10,P49,food,61
C43,10,P49,food,61
C66,10,P49,food,61
C86,8,P49,food,61
C136,10,P49,food,61
C55,8,P49,food,61
C82,9,P49,food,61
C98,7,P49,food,61
C50,8,P49,food,61
C129,7,P49,food,61
C123,3,P49,food,61
C65,2,P49,food,61
C85,8,P49,food,61
C57,2,P49,food,61
C87,3,P49,food,61
C39,2,P49,food,61
C128,5,P49,food,61
C133,3,P49,food,61
C94,10,P49,food,61
C77,9,P49,food,61
C86,8,P49,food,61
C130,7,P49,food,61
C62,6,P49,food,61
C107,3,P49,food,61
C126,4,P49,food,61
C89,8,P49,food,61
C100,8,P49,food,61
C39,2,P49,food,61
C79,1,P49,food,61
C57,2,P49,food,61
C86,8,P49,food,61
C72,5,P49,food,61
C91,3,P49,food,61
C115,1,P49,food,61
C17,2,P49,food,61
C134,6,P49,food,61
C39,2,P49,food,61
C24,6,P49,food,61
C124,7,P49,food,61
C124,7,P49,food,61
C63,2,P49,food,61
C108,8,P49,food,61
C57,2,P49,food,61
C1,7,P49,food,61
C85,8,P49,food,61
C92,1,P49,food,61
C32,3,P49,food,61
C92,1,P49,food,61
C33,5,P49,food,61
C77,9,P49,food,61
C45,10,P49,food,61
C86,8,P49,food,61
C24,6,P49,food,61
C66,10,P49,food,61
C95,7,P49,food,61
C29,7,P49,food,61
C86,8,P53,food,60
C94,10,P53,food,60
C128,5,P53,food,60
C66,10,P53,food,60
C89,8,P53,food,60
C126,4,P53,food,60
C7,3,P53,food,60
C83,8,P53,food,60
C8,7,P53,food,60
C77,9,P53,food,60
C124,7,P53,food,60
C86,8,P53,food,60
C6,10,P53,food,60
C87,3,P53,food,60
C33,5,P53,food,60
C77,9,P53,food,60
C39,2,P53,food,60
C39,2,P53,food,60
C65,2,P53,food,60
C124,7,P53,food,60
C77,9,P53,food,60
C92,1,P53,food,60
C6,10,P53,food,60
C6,10,P53,food,60
C127,4,P53,food,60
C136,10,P53,food,60
C86,8,P53,food,60
C1,7,P53,food,60
C94,10,P53,food,60
C17,2,P53,food,60
C33,5,P53,food,60
C124,7,P53,food,60
C134,6,P53,food,60
C116,5,P53,food,60
C63,2,P53,food,60
C39,2,P53,food,60
C1,7,P53,food,60
C24,6,P53,food,60
C17,2,P53,food,60
C108,8,P53,food,60
C79,1,P53,food,60
C133,3,P53,food,60
C6,10,P53,food,60
C57,2,P53,food,60
C59,6,P53,food,60
C33,5,P53,food,60
C6,10,P53,food,60
C20,2,P53,food,60
C33,5,P53,food,60
C66,10,P53,food,60
C53,4,P53,food,60
C116,5,P53,food,60
C126,4,P53,food,60
C126,4,P53,food,60
C126,4,P53,food,60
C62,6,P53,food,60
C50,8,P53,food,60
C61,4,P53,food,60
C53,4,P53,food,60
C7,3,P53,food,60
C100,8,P06,house,36
C137,9,P06,house,36
C122,10,P06,house,36
C135,2,P06,house,36
C10,5,P06,house,36
C3,8,P06,house,36
C104,7,P06,house,36
C76,10,P06,house,36
C82,9,P06,house,36
C82,9,P06,house,36
C67,4,P06,house,36
C134,6,P06,house,36
C8,7,P06,house,36
C23,10,P06,house,36
C92,1,P06,house,36
C10,5,P06,house,36
C18,8,P06,house,36
C126,4,P06,house,36
C125,1,P06,house,36
C32,3,P06,house,36
C14,3,P06,house,36
C3,8,P06,house,36
C34,3,P06,house,36
C14,3,P06,house,36
C81,7,P06,house,36
C50,8,P06,house,36
C56,4,P06,house,36
C44,9,P06,house,36
C3,8,P06,house,36
C35,7,P06,house,36
C50,8,P06,house,36
C76,10,P06,house,36
C86,8,P06,house,36
C50,8,P06,house,36
C14,3,P06,house,36
C81,7,P06,house,36
C100,8,P01,house,54
C23,10,P01,house,54
C56,4,P01,house,54
C14,3,P01,house,54
C23,10,P01,house,54
C23,10,P01,house,54
C92,1,P01,house,54
C3,8,P01,house,54
C73,2,P01,house,54
C23,10,P01,house,54
C10,5,P01,house,54
C73,2,P01,house,54
C97,9,P01,house,54
C137,9,P01,house,54
C53,4,P01,house,54
C73,2,P01,house,54
C25,9,P01,house,54
C42,2,P01,house,54
C23,10,P01,house,54
C50,8,P01,house,54
C112,3,P01,house,54
C10,5,P01,house,54
C81,7,P01,house,54
C46,5,P01,house,54
C81,7,P01,house,54
C3,8,P01,house,54
C112,3,P01,house,54
C35,7,P01,house,54
C55,8,P01,house,54
C56,4,P01,house,54
C73,2,P01,house,54
C112,3,P01,house,54
C35,7,P01,house,54
C14,3,P01,house,54
C56,4,P01,house,54
C53,4,P01,house,54
C8,7,P01,house,54
C47,2,P01,house,54
C101,2,P01,house,54
C14,3,P01,house,54
C97,9,P01,house,54
C23,10,P01,house,54
C55,8,P01,house,54
C14,3,P01,house,54
C32,3,P01,house,54
C122,10,P01,house,54
C14,3,P01,house,54
C125,1,P01,house,54
C3,8,P01,house,54
C3,8,P01,house,54
C31,9,P01,house,54
C86,8,P01,house,54
C3,8,P01,house,54
C56,4,P01,house,54
C103,7,P35,sweets,115
C41,9,P35,sweets,115
C119,7,P35,sweets,115
C6,10,P35,sweets,115
C6,10,P35,sweets,115
C53,4,P35,sweets,115
C97,9,P35,sweets,115
C70,9,P35,sweets,115
C41,9,P35,sweets,115
C65,2,P35,sweets,115
C19,6,P35,sweets,115
C27,10,P35,sweets,115
C41,9,P35,sweets,115
C118,7,P35,sweets,115
C70,9,P35,sweets,115
C70,9,P35,sweets,115
C6,10,P35,sweets,115
C33,5,P35,sweets,115
C62,6,P35,sweets,115
C5,7,P35,sweets,115
C41,9,P35,sweets,115
C119,7,P35,sweets,115
C53,4,P35,sweets,115
C119,7,P35,sweets,115
C46,5,P35,sweets,115
C59,6,P35,sweets,115
C15,6,P35,sweets,115
C35,7,P35,sweets,115
C3,8,P35,sweets,115
C3,8,P35,sweets,115
C108,8,P35,sweets,115
C101,2,P35,sweets,115
C87,3,P35,sweets,115
C119,7,P35,sweets,115
C88,1,P35,sweets,115
C18,8,P35,sweets,115
C19,6,P35,sweets,115
C129,7,P35,sweets,115
C6,10,P35,sweets,115
C10,5,P35,sweets,115
C95,7,P35,sweets,115
C103,7,P35,sweets,115
C110,3,P35,sweets,115
C119,7,P35,sweets,115
C10,5,P35,sweets,115
C56,4,P35,sweets,115
C56,4,P35,sweets,115
C72,5,P35,sweets,115
C41,9,P35,sweets,115
C56,4,P35,sweets,115
C105,8,P35,sweets,115
C119,7,P35,sweets,115
C27,10,P35,sweets,115
C36,5,P35,sweets,115
C27,10,P35,sweets,115
C28,3,P35,sweets,115
C108,8,P35,sweets,115
C40,4,P35,sweets,115
C71,8,P35,sweets,115
C10,5,P35,sweets,115
C103,7,P35,sweets,115
C5,7,P35,sweets,115
C62,6,P35,sweets,115
C75,8,P35,sweets,115
C103,7,P35,sweets,115
C10,5,P35,sweets,115
C119,7,P35,sweets,115
C129,7,P35,sweets,115
C132,7,P35,sweets,115
C40,4,P35,sweets,115
C71,8,P35,sweets,115
C10,5,P35,sweets,115
C6,10,P35,sweets,115
C66,10,P35,sweets,115
C105,8,P35,sweets,115
C129,7,P35,sweets,115
C5,7,P35,sweets,115
C59,6,P35,sweets,115
C65,2,P35,sweets,115
C62,6,P35,sweets,115
C74,5,P35,sweets,115
C5,7,P35,sweets,115
C82,9,P35,sweets,115
C132,7,P35,sweets,115
C119,7,P35,sweets,115
C119,7,P35,sweets,115
C119,7,P35,sweets,115
C36,5,P35,sweets,115
C41,9,P35,sweets,115
C10,5,P35,sweets,115
C75,8,P35,sweets,115
C95,7,P35,sweets,115
C118,7,P35,sweets,115
C75,8,P35,sweets,115
C105,8,P35,sweets,115
C3,8,P35,sweets,115
C65,2,P35,sweets,115
C46,5,P35,sweets,115
C108,8,P35,sweets,115
C65,2,P35,sweets,115
C95,7,P35,sweets,115
C65,2,P35,sweets,115
C3,8,P35,sweets,115
C133,3,P35,sweets,115
C21,5,P35,sweets,115
C132,7,P35,sweets,115
C126,4,P35,sweets,115
C108,8,P35,sweets,115
C108,8,P35,sweets,115
C75,8,P35,sweets,115
C119,7,P35,sweets,115
C119,7,P35,sweets,115
C19,6,P35,sweets,115
C19,6,P35,sweets,115
C133,3,P35,sweets,115
C135,2,P34,fruit_veg,90
C135,2,P34,fruit_veg,90
C49,7,P34,fruit_veg,90
C82,9,P34,fruit_veg,90
C60,10,P34,fruit_veg,90
C60,10,P34,fruit_veg,90
C47,2,P34,fruit_veg,90
C81,7,P34,fruit_veg,90
C116,5,P34,fruit_veg,90
C29,7,P34,fruit_veg,90
C49,7,P34,fruit_veg,90
C1,7,P34,fruit_veg,90
C81,7,P34,fruit_veg,90
C111,1,P34,fruit_veg,90
C94,10,P34,fruit_veg,90
C107,3,P34,fruit_veg,90
C116,5,P34,fruit_veg,90
C116,5,P34,fruit_veg,90
C117,10,P34,fruit_veg,90
C135,2,P34,fruit_veg,90
C116,5,P34,fruit_veg,90
C131,4,P34,fruit_veg,90
C60,10,P34,fruit_veg,90
C64,10,P34,fruit_veg,90
C81,7,P34,fruit_veg,90
C111,1,P34,fruit_veg,90
C102,1,P34,fruit_veg,90
C75,8,P34,fruit_veg,90
C83,8,P34,fruit_veg,90
C24,6,P34,fruit_veg,90
C63,2,P34,fruit_veg,90
C32,3,P34,fruit_veg,90
C68,8,P34,fruit_veg,90
C31,9,P34,fruit_veg,90
C111,1,P34,fruit_veg,90
C38,7,P34,fruit_veg,90
C129,7,P34,fruit_veg,90
C129,7,P34,fruit_veg,90
C64,10,P34,fruit_veg,90
C64,10,P34,fruit_veg,90
C80,9,P34,fruit_veg,90
C75,8,P34,fruit_veg,90
C29,7,P34,fruit_veg,90
C12,8,P34,fruit_veg,90
C73,2,P34,fruit_veg,90
C51,3,P34,fruit_veg,90
C82,9,P34,fruit_veg,90
C126,4,P34,fruit_veg,90
C49,7,P34,fruit_veg,90
C20,2,P34,fruit_veg,90
C46,5,P34,fruit_veg,90
C51,3,P34,fruit_veg,90
C60,10,P34,fruit_veg,90
C80,9,P34,fruit_veg,90
C111,1,P34,fruit_veg,90
C45,10,P34,fruit_veg,90
C45,10,P34,fruit_veg,90
C137,9,P34,fruit_veg,90
C17,2,P34,fruit_veg,90
C11,4,P34,fruit_veg,90
C49,7,P34,fruit_veg,90
C64,10,P34,fruit_veg,90
C11,4,P34,fruit_veg,90
C84,1,P34,fruit_veg,90
C98,7,P34,fruit_veg,90
C64,10,P34,fruit_veg,90
C73,2,P34,fruit_veg,90
C84,1,P34,fruit_veg,90
C84,1,P34,fruit_veg,90
C84,1,P34,fruit_veg,90
C84,1,P34,fruit_veg,90
C66,10,P34,fruit_veg,90
C64,10,P34,fruit_veg,90
C60,10,P34,fruit_veg,90
C69,7,P34,fruit_veg,90
C131,4,P34,fruit_veg,90
C31,9,P34,fruit_veg,90
C66,10,P34,fruit_veg,90
C49,7,P34,fruit_veg,90
C87,3,P34,fruit_veg,90
C17,2,P34,fruit_veg,90
C60,10,P34,fruit_veg,90
C46,5,P34,fruit_veg,90
C116,5,P34,fruit_veg,90
C70,9,P34,fruit_veg,90
C111,1,P34,fruit_veg,90
C7,3,P34,fruit_veg,90
C64,10,P34,fruit_veg,90
C60,10,P34,fruit_veg,90
C60,10,P34,fruit_veg,90
C23,10,P08,house,56
C82,9,P08,house,56
C23,10,P08,house,56
C56,4,P08,house,56
C23,10,P08,house,56
C14,3,P08,house,56
C10,5,P08,house,56
C56,4,P08,house,56
C50,8,P08,house,56
C125,1,P08,house,56
C73,2,P08,house,56
C134,6,P08,house,56
C92,1,P08,house,56
C76,10,P08,house,56
C10,5,P08,house,56
C21,5,P08,house,56
C10,5,P08,house,56
C100,8,P08,house,56
C46,5,P08,house,56
C100,8,P08,house,56
C35,7,P08,house,56
C23,10,P08,house,56
C50,8,P08,house,56
C46,5,P08,house,56
C88,1,P08,house,56
C112,3,P08,house,56
C12,8,P08,house,56
C14,3,P08,house,56
C50,8,P08,house,56
C50,8,P08,house,56
C3,8,P08,house,56
C88,1,P08,house,56
C14,3,P08,house,56
C3,8,P08,house,56
C3,8,P08,house,56
C122,10,P08,house,56
C98,7,P08,house,56
C14,3,P08,house,56
C81,7,P08,house,56
C47,2,P08,house,56
C122,10,P08,house,56
C122,10,P08,house,56
C86,8,P08,house,56
C35,7,P08,house,56
C44,9,P08,house,56
C23,10,P08,house,56
C122,10,P08,house,56
C86,8,P08,house,56
C134,6,P08,house,56
C130,7,P08,house,56
C56,4,P08,house,56
C86,8,P08,house,56
C50,8,P08,house,56
C130,7,P08,house,56
C25,9,P08,house,56
C126,4,P08,house,56
C36,5,P58,food,68
C43,10,P58,food,68
C97,9,P58,food,68
C97,9,P58,food,68
C63,2,P58,food,68
C128,5,P58,food,68
C17,2,P58,food,68
C120,9,P58,food,68
C120,9,P58,food,68
C89,8,P58,food,68
C79,1,P58,food,68
C89,8,P58,food,68
C77,9,P58,food,68
C20,2,P58,food,68
C20,2,P58,food,68
C62,6,P58,food,68
C63,2,P58,food,68
C92,1,P58,food,68
C77,9,P58,food,68
C71,8,P58,food,68
C20,2,P58,food,68
C33,5,P58,food,68
C36,5,P58,food,68
C39,2,P58,food,68
C122,10,P58,food,68
C89,8,P58,food,68
C24,6,P58,food,68
C129,7,P58,food,68
C107,3,P58,food,68
C120,9,P58,food,68
C62,6,P58,food,68
C100,8,P58,food,68
C100,8,P58,food,68
C72,5,P58,food,68
C72,5,P58,food,68
C75,8,P58,food,68
C65,2,P58,food,68
C92,1,P58,food,68
C77,9,P58,food,68
C89,8,P58,food,68
C94,10,P58,food,68
C17,2,P58,food,68
C91,3,P58,food,68
C92,1,P58,food,68
C128,5,P58,food,68
C77,9,P58,food,68
C92,1,P58,food,68
C136,10,P58,food,68
C109,6,P58,food,68
C52,1,P58,food,68
C108,8,P58,food,68
C24,6,P58,food,68
C65,2,P58,food,68
C39,2,P58,food,68
C97,9,P58,food,68
C20,2,P58,food,68
C122,10,P58,food,68
C66,10,P58,food,68
C133,3,P58,food,68
C85,8,P58,food,68
C92,1,P58,food,68
C50,8,P58,food,68
C128,5,P58,food,68
C77,9,P58,food,68
C95,7,P58,food,68
C29,7,P58,food,68
C53,4,P58,food,68
C105,8,P58,food,68
C43,10,P56,food,45
C85,8,P56,food,45
C54,2,P56,food,45
C82,9,P56,food,45
C97,9,P56,food,45
C128,5,P56,food,45
C128,5,P56,food,45
C79,1,P56,food,45
C122,10,P56,food,45
C122,10,P56,food,45
C95,7,P56,food,45
C134,6,P56,food,45
C86,8,P56,food,45
C86,8,P56,food,45
C124,7,P56,food,45
C91,3,P56,food,45
C129,7,P56,food,45
C136,10,P56,food,45
C32,3,P56,food,45
C6,10,P56,food,45
C122,10,P56,food,45
C65,2,P56,food,45
C36,5,P56,food,45
C128,5,P56,food,45
C89,8,P56,food,45
C134,6,P56,food,45
C65,2,P56,food,45
C120,9,P56,food,45
C62,6,P56,food,45
C75,8,P56,food,45
C105,8,P56,food,45
C38,7,P56,food,45
C71,8,P56,food,45
C95,7,P56,food,45
C91,3,P56,food,45
C77,9,P56,food,45
C94,10,P56,food,45
C52,1,P56,food,45
C24,6,P56,food,45
C124,7,P56,food,45
C33,5,P56,food,45
C17,2,P56,food,45
C6,10,P56,food,45
C7,3,P56,food,45
C7,3,P56,food,45
C51,3,P27,fruit_veg,111
C82,9,P27,fruit_veg,111
C49,7,P27,fruit_veg,111
C74,5,P27,fruit_veg,111
C75,8,P27,fruit_veg,111
C44,9,P27,fruit_veg,111
C47,2,P27,fruit_veg,111
C111,1,P27,fruit_veg,111
C129,7,P27,fruit_veg,111
C31,9,P27,fruit_veg,111
C31,9,P27,fruit_veg,111
C107,3,P27,fruit_veg,111
C1,7,P27,fruit_veg,111
C84,1,P27,fruit_veg,111
C129,7,P27,fruit_veg,111
C2,4,P27,fruit_veg,111
C75,8,P27,fruit_veg,111
C108,8,P27,fruit_veg,111
C71,8,P27,fruit_veg,111
C81,7,P27,fruit_veg,111
C111,1,P27,fruit_veg,111
C116,5,P27,fruit_veg,111
C7,3,P27,fruit_veg,111
C49,7,P27,fruit_veg,111
C17,2,P27,fruit_veg,111
C105,8,P27,fruit_veg,111
C2,4,P27,fruit_veg,111
C2,4,P27,fruit_veg,111
C27,10,P27,fruit_veg,111
C38,7,P27,fruit_veg,111
C38,7,P27,fruit_veg,111
C74,5,P27,fruit_veg,111
C126,4,P27,fruit_veg,111
C7,3,P27,fruit_veg,111
C70,9,P27,fruit_veg,111
C74,5,P27,fruit_veg,111
C111,1,P27,fruit_veg,111
C111,1,P27,fruit_veg,111
C56,4,P27,fruit_veg,111
C81,7,P27,fruit_veg,111
C32,3,P27,fruit_veg,111
C56,4,P27,fruit_veg,111
C69,7,P27,fruit_veg,111
C116,5,P27,fruit_veg,111
C17,2,P27,fruit_veg,111
C21,5,P27,fruit_veg,111
C123,3,P27,fruit_veg,111
C51,3,P27,fruit_veg,111
C18,8,P27,fruit_veg,111
C94,10,P27,fruit_veg,111
C57,2,P27,fruit_veg,111
C94,10,P27,fruit_veg,111
C74,5,P27,fruit_veg,111
C127,4,P27,fruit_veg,111
C11,4,P27,fruit_veg,111
C49,7,P27,fruit_veg,111
C27,10,P27,fruit_veg,111
C98,7,P27,fruit_veg,111
C9,8,P27,fruit_veg,111
C60,10,P27,fruit_veg,111
C68,8,P27,fruit_veg,111
C5,7,P27,fruit_veg,111
C11,4,P27,fruit_veg,111
C137,9,P27,fruit_veg,111
C137,9,P27,fruit_veg,111
C111,1,P27,fruit_veg,111
C116,5,P27,fruit_veg,111
C96,10,P27,fruit_veg,111
C17,2,P27,fruit_veg,111
C2,4,P27,fruit_veg,111
C63,2,P27,fruit_veg,111
C98,7,P27,fruit_veg,111
C116,5,P27,fruit_veg,111
C5,7,P27,fruit_veg,111
C70,9,P27,fruit_veg,111
C9,8,P27,fruit_veg,111
C131,4,P27,fruit_veg,111
C131,4,P27,fruit_veg,111
C121,10,P27,fruit_veg,111
C121,10,P27,fruit_veg,111
C80,9,P27,fruit_veg,111
C31,9,P27,fruit_veg,111
C84,1,P27,fruit_veg,111
C18,8,P27,fruit_veg,111
C22,1,P27,fruit_veg,111
C54,2,P27,fruit_veg,111
C80,9,P27,fruit_veg,111
C111,1,P27,fruit_veg,111
C49,7,P27,fruit_veg,111
C104,7,P27,fruit_veg,111
C98,7,P27,fruit_veg,111
C49,7,P27,fruit_veg,111
C69,7,P27,fruit_veg,111
C94,10,P27,fruit_veg,111
C66,10,P27,fruit_veg,111
C75,8,P27,fruit_veg,111
C80,9,P27,fruit_veg,111
C51,3,P27,fruit_veg,111
C54,2,P27,fruit_veg,111
C98,7,P27,fruit_veg,111
C71,8,P27,fruit_veg,111
C38,7,P27,fruit_veg,111
C49,7,P27,fruit_veg,111
C80,9,P27,fruit_veg,111
C126,4,P27,fruit_veg,111
C28,3,P27,fruit_veg,111
C49,7,P27,fruit_veg,111
C108,8,P27,fruit_veg,111
C29,7,P27,fruit_veg,111
C2,4,P27,fruit_veg,111
C108,8,P27,fruit_veg,111
C59,6,P45,food,57
C61,4,P45,food,57
C17,2,P45,food,57
C38,7,P45,food,57
C122,10,P45,food,57
C8,7,P45,food,57
C86,8,P45,food,57
C124,7,P45,food,57
C116,5,P45,food,57
C77,9,P45,food,57
C130,7,P45,food,57
C133,3,P45,food,57
C29,7,P45,food,57
C120,9,P45,food,57
C62,6,P45,food,57
C71,8,P45,food,57
C124,7,P45,food,57
C66,10,P45,food,57
C92,1,P45,food,57
C6,10,P45,food,57
C71,8,P45,food,57
C134,6,P45,food,57
C120,9,P45,food,57
C65,2,P45,food,57
C134,6,P45,food,57
C36,5,P45,food,57
C15,6,P45,food,57
C86,8,P45,food,57
C89,8,P45,food,57
C50,8,P45,food,57
C8,7,P45,food,57
C67,4,P45,food,57
C120,9,P45,food,57
C130,7,P45,food,57
C62,6,P45,food,57
C38,7,P45,food,57
C130,7,P45,food,57
C79,1,P45,food,57
C32,3,P45,food,57
C45,10,P45,food,57
C92,1,P45,food,57
C71,8,P45,food,57
C129,7,P45,food,57
C91,3,P45,food,57
C24,6,P45,food,57
C38,7,P45,food,57
C24,6,P45,food,57
C63,2,P45,food,57
C124,7,P45,food,57
C124,7,P45,food,57
C76,10,P45,food,57
C116,5,P45,food,57
C124,7,P45,food,57
C123,3,P45,food,57
C86,8,P45,food,57
C6,10,P45,food,57
C89,8,P45,food,57
C59,6,P52,food,58
C63,2,P52,food,58
C134,6,P52,food,58
C127,4,P52,food,58
C128,5,P52,food,58
C89,8,P52,food,58
C79,1,P52,food,58
C95,7,P52,food,58
C24,6,P52,food,58
C122,10,P52,food,58
C109,6,P52,food,58
C126,4,P52,food,58
C1,7,P52,food,58
C8,7,P52,food,58
C63,2,P52,food,58
C129,7,P52,food,58
C120,9,P52,food,58
C75,8,P52,food,58
C128,5,P52,food,58
C95,7,P52,food,58
C6,10,P52,food,58
C127,4,P52,food,58
C127,4,P52,food,58
C94,10,P52,food,58
C130,7,P52,food,58
C133,3,P52,food,58
C85,8,P52,food,58
C120,9,P52,food,58
C6,10,P52,food,58
C24,6,P52,food,58
C66,10,P52,food,58
C127,4,P52,food,58
C85,8,P52,food,58
C98,7,P52,food,58
C57,2,P52,food,58
C86,8,P52,food,58
C124,7,P52,food,58
C77,9,P52,food,58
C130,7,P52,food,58
C130,7,P52,food,58
C36,5,P52,food,58
C128,5,P52,food,58
C68,8,P52,food,58
C66,10,P52,food,58
C92,1,P52,food,58
C133,3,P52,food,58
C91,3,P52,food,58
C79,1,P52,food,58
C52,1,P52,food,58
C116,5,P52,food,58
C130,7,P52,food,58
C133,3,P52,food,58
C17,2,P52,food,58
C45,10,P52,food,58
C45,10,P52,food,58
C45,10,P52,food,58
C95,7,P52,food,58
C108,8,P52,food,58
C65,2,P42,food,59
C20,2,P42,food,59
C85,8,P42,food,59
C116,5,P42,food,59
C136,10,P42,food,59
C127,4,P42,food,59
C17,2,P42,food,59
C17,2,P42,food,59
C62,6,P42,food,59
C89,8,P42,food,59
C89,8,P42,food,59
C62,6,P42,food,59
C133,3,P42,food,59
C89,8,P42,food,59
C75,8,P42,food,59
C98,7,P42,food,59
C122,10,P42,food,59
C124,7,P42,food,59
C62,6,P42,food,59
C67,4,P42,food,59
C1,7,P42,food,59
C47,2,P42,food,59
C36,5,P42,food,59
C33,5,P42,food,59
C122,10,P42,food,59
C117,10,P42,food,59
C133,3,P42,food,59
C129,7,P42,food,59
C124,7,P42,food,59
C124,7,P42,food,59
C130,7,P42,food,59
C24,6,P42,food,59
C89,8,P42,food,59
C65,2,P42,food,59
C71,8,P42,food,59
C6,10,P42,food,59
C95,7,P42,food,59
C91,3,P42,food,59
C85,8,P42,food,59
C89,8,P42,food,59
C97,9,P42,food,59
C62,6,P42,food,59
C116,5,P42,food,59
C39,2,P42,food,59
C65,2,P42,food,59
C61,4,P42,food,59
C96,10,P42,food,59
C124,7,P42,food,59
C53,4,P42,food,59
C71,8,P42,food,59
C52,1,P42,food,59
C133,3,P42,food,59
C39,2,P42,food,59
C120,9,P42,food,59
C136,10,P42,food,59
C124,7,P42,food,59
C126,4,P42,food,59
C128,5,P42,food,59
C18,8,P42,food,59
C67,4,P20,clothes,21
C45,10,P20,clothes,21
C98,7,P20,clothes,21
C25,9,P20,clothes,21
C67,4,P20,clothes,21
C45,10,P20,clothes,21
C6,10,P20,clothes,21
C31,9,P20,clothes,21
C36,5,P20,clothes,21
C128,5,P20,clothes,21
C30,4,P20,clothes,21
C45,10,P20,clothes,21
C79,1,P20,clothes,21
C128,5,P20,clothes,21
C5,7,P20,clothes,21
C6,10,P20,clothes,21
C36,5,P20,clothes,21
C114,3,P20,clothes,21
C128,5,P20,clothes,21
C5,7,P20,clothes,21
C112,3,P20,clothes,21
C78,9,P62,bws,112
C137,9,P62,bws,112
C46,5,P62,bws,112
C7,3,P62,bws,112
C78,9,P62,bws,112
C103,7,P62,bws,112
C46,5,P62,bws,112
C94,10,P62,bws,112
C53,4,P62,bws,112
C137,9,P62,bws,112
C46,5,P62,bws,112
C46,5,P62,bws,112
C46,5,P62,bws,112
C24,6,P62,bws,112
C93,5,P62,bws,112
C7,3,P62,bws,112
C99,9,P62,bws,112
C7,3,P62,bws,112
C13,8,P62,bws,112
C13,8,P62,bws,112
C13,8,P62,bws,112
C13,8,P62,bws,112
C2,4,P62,bws,112
C2,4,P62,bws,112
C108,8,P62,bws,112
C91,3,P62,bws,112
C91,3,P62,bws,112
C7,3,P62,bws,112
C90,3,P62,bws,112
C91,3,P62,bws,112
C109,6,P62,bws,112
C13,8,P62,bws,112
C30,4,P62,bws,112
C108,8,P62,bws,112
C108,8,P62,bws,112
C99,9,P62,bws,112
C78,9,P62,bws,112
C78,9,P62,bws,112
C35,7,P62,bws,112
C30,4,P62,bws,112
C90,3,P62,bws,112
C91,3,P62,bws,112
C110,3,P62,bws,112
C137,9,P62,bws,112
C90,3,P62,bws,112
C134,6,P62,bws,112
C53,4,P62,bws,112
C94,10,P62,bws,112
C94,10,P62,bws,112
C99,9,P62,bws,112
C30,4,P62,bws,112
C90,3,P62,bws,112
C90,3,P62,bws,112
C46,5,P62,bws,112
C46,5,P62,bws,112
C124,7,P62,bws,112
C53,4,P62,bws,112
C47,2,P62,bws,112
C7,3,P62,bws,112
C35,7,P62,bws,112
C103,7,P62,bws,112
C94,10,P62,bws,112
C124,7,P62,bws,112
C124,7,P62,bws,112
C13,8,P62,bws,112
C99,9,P62,bws,112
C99,9,P62,bws,112
C13,8,P62,bws,112
C7,3,P62,bws,112
C7,3,P62,bws,112
C30,4,P62,bws,112
C78,9,P62,bws,112
C108,8,P62,bws,112
C53,4,P62,bws,112
C53,4,P62,bws,112
C109,6,P62,bws,112
C110,3,P62,bws,112
C90,3,P62,bws,112
C35,7,P62,bws,112
C27,10,P62,bws,112
C27,10,P62,bws,112
C13,8,P62,bws,112
C13,8,P62,bws,112
C13,8,P62,bws,112
C78,9,P62,bws,112
C13,8,P62,bws,112
C46,5,P62,bws,112
C13,8,P62,bws,112
C134,6,P62,bws,112
C124,7,P62,bws,112
C20,2,P62,bws,112
C103,7,P62,bws,112
C90,3,P62,bws,112
C94,10,P62,bws,112
C108,8,P62,bws,112
C44,9,P62,bws,112
C94,10,P62,bws,112
C90,3,P62,bws,112
C108,8,P62,bws,112
C13,8,P62,bws,112
C46,5,P62,bws,112
C46,5,P62,bws,112
C46,5,P62,bws,112
C136,10,P62,bws,112
C134,6,P62,bws,112
C134,6,P62,bws,112
C136,10,P62,bws,112
C136,10,P62,bws,112
C46,5,P62,bws,112
C124,7,P62,bws,112
C13,8,P62,bws,112
C93,5,P62,bws,112
C83,8,P55,food,71
C105,8,P55,food,71
C72,5,P55,food,71
C77,9,P55,food,71
C77,9,P55,food,71
C116,5,P55,food,71
C65,2,P55,food,71
C61,4,P55,food,71
C89,8,P55,food,71
C33,5,P55,food,71
C39,2,P55,food,71
C109,6,P55,food,71
C122,10,P55,food,71
C62,6,P55,food,71
C92,1,P55,food,71
C61,4,P55,food,71
C1,7,P55,food,71
C115,1,P55,food,71
C1,7,P55,food,71
C97,9,P55,food,71
C20,2,P55,food,71
C50,8,P55,food,71
C136,10,P55,food,71
C95,7,P55,food,71
C6,10,P55,food,71
C20,2,P55,food,71
C15,6,P55,food,71
C33,5,P55,food,71
C92,1,P55,food,71
C116,5,P55,food,71
C77,9,P55,food,71
C24,6,P55,food,71
C33,5,P55,food,71
C33,5,P55,food,71
C62,6,P55,food,71
C97,9,P55,food,71
C136,10,P55,food,71
C97,9,P55,food,71
C97,9,P55,food,71
C129,7,P55,food,71
C65,2,P55,food,71
C83,8,P55,food,71
C83,8,P55,food,71
C85,8,P55,food,71
C65,2,P55,food,71
C86,8,P55,food,71
C95,7,P55,food,71
C136,10,P55,food,71
C86,8,P55,food,71
C91,3,P55,food,71
C97,9,P55,food,71
C130,7,P55,food,71
C53,4,P55,food,71
C77,9,P55,food,71
C122,10,P55,food,71
C79,1,P55,food,71
C109,6,P55,food,71
C1,7,P55,food,71
C6,10,P55,food,71
C85,8,P55,food,71
C77,9,P55,food,71
C6,10,P55,food,71
C89,8,P55,food,71
C86,8,P55,food,71
C39,2,P55,food,71
C39,2,P55,food,71
C107,3,P55,food,71
C122,10,P55,food,71
C82,9,P55,food,71
C124,7,P55,food,71
C92,1,P55,food,71
C89,8,P51,food,54
C43,10,P51,food,54
C134,6,P51,food,54
C96,10,P51,food,54
C61,4,P51,food,54
C122,10,P51,food,54
C39,2,P51,food,54
C89,8,P51,food,54
C89,8,P51,food,54
C91,3,P51,food,54
C85,8,P51,food,54
C133,3,P51,food,54
C76,10,P51,food,54
C123,3,P51,food,54
C79,1,P51,food,54
C33,5,P51,food,54
C89,8,P51,food,54
C57,2,P51,food,54
C86,8,P51,food,54
C117,10,P51,food,54
C134,6,P51,food,54
C8,7,P51,food,54
C65,2,P51,food,54
C115,1,P51,food,54
C134,6,P51,food,54
C136,10,P51,food,54
C92,1,P51,food,54
C126,4,P51,food,54
C79,1,P51,food,54
C127,4,P51,food,54
C136,10,P51,food,54
C129,7,P51,food,54
C50,8,P51,food,54
C1,7,P51,food,54
C67,4,P51,food,54
C77,9,P51,food,54
C124,7,P51,food,54
C52,1,P51,food,54
C91,3,P51,food,54
C53,4,P51,food,54
C38,7,P51,food,54
C79,1,P51,food,54
C57,2,P51,food,54
C53,4,P51,food,54
C77,9,P51,food,54
C92,1,P51,food,54
C92,1,P51,food,54
C36,5,P51,food,54
C76,10,P51,food,54
C18,8,P51,food,54
C77,9,P51,food,54
C126,4,P51,food,54
C116,5,P51,food,54
C6,10,P51,food,54
C95,7,P13,clothes,29
C79,1,P13,clothes,29
C36,5,P13,clothes,29
C45,10,P13,clothes,29
C112,3,P13,clothes,29
C67,4,P13,clothes,29
C128,5,P13,clothes,29
C5,7,P13,clothes,29
C45,10,P13,clothes,29
C8,7,P13,clothes,29
C113,5,P13,clothes,29
C31,9,P13,clothes,29
C128,5,P13,clothes,29
C5,7,P13,clothes,29
C99,9,P13,clothes,29
C99,9,P13,clothes,29
C45,10,P13,clothes,29
C45,10,P13,clothes,29
C98,7,P13,clothes,29
C98,7,P13,clothes,29
C99,9,P13,clothes,29
C128,5,P13,clothes,29
C36,5,P13,clothes,29
C104,7,P13,clothes,29
C99,9,P13,clothes,29
C128,5,P13,clothes,29
C95,7,P13,clothes,29
C45,10,P13,clothes,29
C114,3,P13,clothes,29
C105,8,P54,food,48
C107,3,P54,food,48
C61,4,P54,food,48
C124,7,P54,food,48
C61,4,P54,food,48
C89,8,P54,food,48
C8,7,P54,food,48
C92,1,P54,food,48
C116,5,P54,food,48
C76,10,P54,food,48
C6,10,P54,food,48
C133,3,P54,food,48
C96,10,P54,food,48
C130,7,P54,food,48
C1,7,P54,food,48
C66,10,P54,food,48
C86,8,P54,food,48
C96,10,P54,food,48
C6,10,P54,food,48
C65,2,P54,food,48
C79,1,P54,food,48
C91,3,P54,food,48
C91,3,P54,food,48
C92,1,P54,food,48
C130,7,P54,food,48
C134,6,P54,food,48
C124,7,P54,food,48
C117,10,P54,food,48
C128,5,P54,food,48
C61,4,P54,food,48
C108,8,P54,food,48
C94,10,P54,food,48
C6,10,P54,food,48
C33,5,P54,food,48
C86,8,P54,food,48
C1,7,P54,food,48
C120,9,P54,food,48
C36,5,P54,food,48
C76,10,P54,food,48
C17,2,P54,food,48
C24,6,P54,food,48
C1,7,P54,food,48
C123,3,P54,food,48
C27,10,P54,food,48
C53,4,P54,food,48
C68,8,P54,food,48
C100,8,P54,food,48
C85,8,P54,food,48
C126,4,P43,food,55
C98,7,P43,food,55
C39,2,P43,food,55
C33,5,P43,food,55
C77,9,P43,food,55
C89,8,P43,food,55
C136,10,P43,food,55
C1,7,P43,food,55
C20,2,P43,food,55
C97,9,P43,food,55
C122,10,P43,food,55
C20,2,P43,food,55
C66,10,P43,food,55
C92,1,P43,food,55
C32,3,P43,food,55
C134,6,P43,food,55
C116,5,P43,food,55
C87,3,P43,food,55
C114,3,P43,food,55
C133,3,P43,food,55
C87,3,P43,food,55
C136,10,P43,food,55
C130,7,P43,food,55
C133,3,P43,food,55
C1,7,P43,food,55
C107,3,P43,food,55
C130,7,P43,food,55
C15,6,P43,food,55
C100,8,P43,food,55
C100,8,P43,food,55
C62,6,P43,food,55
C65,2,P43,food,55
C85,8,P43,food,55
C63,2,P43,food,55
C79,1,P43,food,55
C120,9,P43,food,55
C45,10,P43,food,55
C126,4,P43,food,55
C105,8,P43,food,55
C29,7,P43,food,55
C52,1,P43,food,55
C124,7,P43,food,55
C77,9,P43,food,55
C83,8,P43,food,55
C130,7,P43,food,55
C91,3,P43,food,55
C133,3,P43,food,55
C61,4,P43,food,55
C136,10,P43,food,55
C6,10,P43,food,55
C77,9,P43,food,55
C124,7,P43,food,55
C128,5,P43,food,55
C124,7,P43,food,55
C122,10,P43,food,55
C126,4,P48,food,72
C126,4,P48,food,72
C136,10,P48,food,72
C20,2,P48,food,72
C33,5,P48,food,72
C63,2,P48,food,72
C128,5,P48,food,72
C38,7,P48,food,72
C134,6,P48,food,72
C62,6,P48,food,72
C130,7,P48,food,72
C98,7,P48,food,72
C120,9,P48,food,72
C6,10,P48,food,72
C53,4,P48,food,72
C75,8,P48,food,72
C38,7,P48,food,72
C96,10,P48,food,72
C86,8,P48,food,72
C62,6,P48,food,72
C1,7,P48,food,72
C62,6,P48,food,72
C20,2,P48,food,72
C20,2,P48,food,72
C62,6,P48,food,72
C77,9,P48,food,72
C96,10,P48,food,72
C85,8,P48,food,72
C129,7,P48,food,72
C40,4,P48,food,72
C95,7,P48,food,72
C85,8,P48,food,72
C57,2,P48,food,72
C79,1,P48,food,72
C1,7,P48,food,72
C1,7,P48,food,72
C63,2,P48,food,72
C79,1,P48,food,72
C38,7,P48,food,72
C75,8,P48,food,72
C94,10,P48,food,72
C67,4,P48,food,72
C85,8,P48,food,72
C97,9,P48,food,72
C133,3,P48,food,72
C17,2,P48,food,72
C79,1,P48,food,72
C85,8,P48,food,72
C1,7,P48,food,72
C91,3,P48,food,72
C17,2,P48,food,72
C92,1,P48,food,72
C98,7,P48,food,72
C126,4,P48,food,72
C33,5,P48,food,72
C52,1,P48,food,72
C116,5,P48,food,72
C57,2,P48,food,72
C136,10,P48,food,72
C89,8,P48,food,72
C98,7,P48,food,72
C57,2,P48,food,72
C1,7,P48,food,72
C95,7,P48,food,72
C133,3,P48,food,72
C33,5,P48,food,72
C116,5,P48,food,72
C92,1,P48,food,72
C128,5,P48,food,72
C6,10,P48,food,72
C39,2,P48,food,72
C65,2,P48,food,72
C23,10,P10,house,53
C137,9,P10,house,53
C23,10,P10,house,53
C23,10,P10,house,53
C4,5,P10,house,53
C14,3,P10,house,53
C42,2,P10,house,53
C135,2,P10,house,53
C10,5,P10,house,53
C73,2,P10,house,53
C98,7,P10,house,53
C14,3,P10,house,53
C14,3,P10,house,53
C23,10,P10,house,53
C125,1,P10,house,53
C134,6,P10,house,53
C23,10,P10,house,53
C29,7,P10,house,53
C100,8,P10,house,53
C92,1,P10,house,53
C112,3,P10,house,53
C14,3,P10,house,53
C100,8,P10,house,53
C3,8,P10,house,53
C18,8,P10,house,53
C53,4,P10,house,53
C76,10,P10,house,53
C23,10,P10,house,53
C92,1,P10,house,53
C23,10,P10,house,53
C56,4,P10,house,53
C112,3,P10,house,53
C86,8,P10,house,53
C86,8,P10,house,53
C86,8,P10,house,53
C10,5,P10,house,53
C76,10,P10,house,53
C122,10,P10,house,53
C67,4,P10,house,53
C97,9,P10,house,53
C81,7,P10,house,53
C55,8,P10,house,53
C101,2,P10,house,53
C10,5,P10,house,53
C86,8,P10,house,53
C112,3,P10,house,53
C109,6,P10,house,53
C50,8,P10,house,53
C82,9,P10,house,53
C14,3,P10,house,53
C130,7,P10,house,53
C14,3,P10,house,53
C14,3,P10,house,53
C30,4,P18,clothes,20
C128,5,P18,clothes,20
C112,3,P18,clothes,20
C8,7,P18,clothes,20
C30,4,P18,clothes,20
C128,5,P18,clothes,20
C113,5,P18,clothes,20
C36,5,P18,clothes,20
C5,7,P18,clothes,20
C99,9,P18,clothes,20
C112,3,P18,clothes,20
C32,3,P18,clothes,20
C128,5,P18,clothes,20
C5,7,P18,clothes,20
C5,7,P18,clothes,20
C112,3,P18,clothes,20
C32,3,P18,clothes,20
C5,7,P18,clothes,20
C79,1,P18,clothes,20
C6,10,P18,clothes,20
C30,4,P15,clothes,25
C112,3,P15,clothes,25
C45,10,P15,clothes,25
C95,7,P15,clothes,25
C31,9,P15,clothes,25
C32,3,P15,clothes,25
C8,7,P15,clothes,25
C45,10,P15,clothes,25
C112,3,P15,clothes,25
C5,7,P15,clothes,25
C5,7,P15,clothes,25
C30,4,P15,clothes,25
C112,3,P15,clothes,25
C32,3,P15,clothes,25
C45,10,P15,clothes,25
C45,10,P15,clothes,25
C67,4,P15,clothes,25
C32,3,P15,clothes,25
C79,1,P15,clothes,25
C128,5,P15,clothes,25
C104,7,P15,clothes,25
C128,5,P15,clothes,25
C128,5,P15,clothes,25
C45,10,P15,clothes,25
C99,9,P15,clothes,25
C49,7,P31,fruit_veg,84
C75,8,P31,fruit_veg,84
C116,5,P31,fruit_veg,84
C117,10,P31,fruit_veg,84
C116,5,P31,fruit_veg,84
C111,1,P31,fruit_veg,84
C5,7,P31,fruit_veg,84
C80,9,P31,fruit_veg,84
C47,2,P31,fruit_veg,84
C111,1,P31,fruit_veg,84
C2,4,P31,fruit_veg,84
C84,1,P31,fruit_veg,84
C108,8,P31,fruit_veg,84
C111,1,P31,fruit_veg,84
C18,8,P31,fruit_veg,84
C32,3,P31,fruit_veg,84
C38,7,P31,fruit_veg,84
C111,1,P31,fruit_veg,84
C116,5,P31,fruit_veg,84
C49,7,P31,fruit_veg,84
C27,10,P31,fruit_veg,84
C49,7,P31,fruit_veg,84
C80,9,P31,fruit_veg,84
C51,3,P31,fruit_veg,84
C69,7,P31,fruit_veg,84
C70,9,P31,fruit_veg,84
C104,7,P31,fruit_veg,84
C1,7,P31,fruit_veg,84
C32,3,P31,fruit_veg,84
C51,3,P31,fruit_veg,84
C63,2,P31,fruit_veg,84
C29,7,P31,fruit_veg,84
C45,10,P31,fruit_veg,84
C123,3,P31,fruit_veg,84
C51,3,P31,fruit_veg,84
C102,1,P31,fruit_veg,84
C63,2,P31,fruit_veg,84
C63,2,P31,fruit_veg,84
C73,2,P31,fruit_veg,84
C57,2,P31,fruit_veg,84
C54,2,P31,fruit_veg,84
C121,10,P31,fruit_veg,84
C75,8,P31,fruit_veg,84
C29,7,P31,fruit_veg,84
C111,1,P31,fruit_veg,84
C12,8,P31,fruit_veg,84
C12,8,P31,fruit_veg,84
C11,4,P31,fruit_veg,84
C28,3,P31,fruit_veg,84
C112,3,P31,fruit_veg,84
C121,10,P31,fruit_veg,84
C49,7,P31,fruit_veg,84
C69,7,P31,fruit_veg,84
C94,10,P31,fruit_veg,84
C96,10,P31,fruit_veg,84
C17,2,P31,fruit_veg,84
C17,2,P31,fruit_veg,84
C66,10,P31,fruit_veg,84
C135,2,P31,fruit_veg,84
C38,7,P31,fruit_veg,84
C111,1,P31,fruit_veg,84
C12,8,P31,fruit_veg,84
C137,9,P31,fruit_veg,84
C66,10,P31,fruit_veg,84
C29,7,P31,fruit_veg,84
C29,7,P31,fruit_veg,84
C98,7,P31,fruit_veg,84
C121,10,P31,fruit_veg,84
C94,10,P31,fruit_veg,84
C81,7,P31,fruit_veg,84
C9,8,P31,fruit_veg,84
C66,10,P31,fruit_veg,84
C70,9,P31,fruit_veg,84
C56,4,P31,fruit_veg,84
C69,7,P31,fruit_veg,84
C80,9,P31,fruit_veg,84
C68,8,P31,fruit_veg,84
C68,8,P31,fruit_veg,84
C29,7,P31,fruit_veg,84
C111,1,P31,fruit_veg,84
C45,10,P31,fruit_veg,84
C57,2,P31,fruit_veg,84
C57,2,P31,fruit_veg,84
C116,5,P31,fruit_veg,84
C98,7,P24,fruit_veg,86
C66,10,P24,fruit_veg,86
C71,8,P24,fruit_veg,86
C116,5,P24,fruit_veg,86
C107,3,P24,fruit_veg,86
C121,10,P24,fruit_veg,86
C35,7,P24,fruit_veg,86
C35,7,P24,fruit_veg,86
C49,7,P24,fruit_veg,86
C1,7,P24,fruit_veg,86
C84,1,P24,fruit_veg,86
C35,7,P24,fruit_veg,86
C51,3,P24,fruit_veg,86
C131,4,P24,fruit_veg,86
C61,4,P24,fruit_veg,86
C111,1,P24,fruit_veg,86
C1,7,P24,fruit_veg,86
C46,5,P24,fruit_veg,86
C54,2,P24,fruit_veg,86
C129,7,P24,fruit_veg,86
C60,10,P24,fruit_veg,86
C81,7,P24,fruit_veg,86
C56,4,P24,fruit_veg,86
C1,7,P24,fruit_veg,86
C9,8,P24,fruit_veg,86
C56,4,P24,fruit_veg,86
C111,1,P24,fruit_veg,86
C11,4,P24,fruit_veg,86
C49,7,P24,fruit_veg,86
C123,3,P24,fruit_veg,86
C57,2,P24,fruit_veg,86
C38,7,P24,fruit_veg,86
C54,2,P24,fruit_veg,86
C63,2,P24,fruit_veg,86
C117,10,P24,fruit_veg,86
C17,2,P24,fruit_veg,86
C68,8,P24,fruit_veg,86
C129,7,P24,fruit_veg,86
C135,2,P24,fruit_veg,86
C46,5,P24,fruit_veg,86
C81,7,P24,fruit_veg,86
C112,3,P24,fruit_veg,86
C4,5,P24,fruit_veg,86
C51,3,P24,fruit_veg,86
C116,5,P24,fruit_veg,86
C126,4,P24,fruit_veg,86
C57,2,P24,fruit_veg,86
C74,5,P24,fruit_veg,86
C29,7,P24,fruit_veg,86
C66,10,P24,fruit_veg,86
C70,9,P24,fruit_veg,86
C70,9,P24,fruit_veg,86
C135,2,P24,fruit_veg,86
C116,5,P24,fruit_veg,86
C112,3,P24,fruit_veg,86
C64,10,P24,fruit_veg,86
C11,4,P24,fruit_veg,86
C29,7,P24,fruit_veg,86
C121,10,P24,fruit_veg,86
C111,1,P24,fruit_veg,86
C111,1,P24,fruit_veg,86
C117,10,P24,fruit_veg,86
C93,5,P24,fruit_veg,86
C102,1,P24,fruit_veg,86
C68,8,P24,fruit_veg,86
C73,2,P24,fruit_veg,86
C80,9,P24,fruit_veg,86
C87,3,P24,fruit_veg,86
C126,4,P24,fruit_veg,86
C31,9,P24,fruit_veg,86
C69,7,P24,fruit_veg,86
C5,7,P24,fruit_veg,86
C21,5,P24,fruit_veg,86
C70,9,P24,fruit_veg,86
C49,7,P24,fruit_veg,86
C94,10,P24,fruit_veg,86
C68,8,P24,fruit_veg,86
C71,8,P24,fruit_veg,86
C111,1,P24,fruit_veg,86
C9,8,P24,fruit_veg,86
C117,10,P24,fruit_veg,86
C137,9,P24,fruit_veg,86
C75,8,P24,fruit_veg,86
C98,7,P24,fruit_veg,86
C108,8,P24,fruit_veg,86
C116,5,P24,fruit_veg,86
C137,9,P02,house,44
C98,7,P02,house,44
C4,5,P02,house,44
C56,4,P02,house,44
C29,7,P02,house,44
C29,7,P02,house,44
C23,10,P02,house,44
C50,8,P02,house,44
C25,9,P02,house,44
C92,1,P02,house,44
C86,8,P02,house,44
C12,8,P02,house,44
C10,5,P02,house,44
C134,6,P02,house,44
C23,10,P02,house,44
C46,5,P02,house,44
C50,8,P02,house,44
C50,8,P02,house,44
C8,7,P02,house,44
C50,8,P02,house,44
C50,8,P02,house,44
C10,5,P02,house,44
C82,9,P02,house,44
C3,8,P02,house,44
C92,1,P02,house,44
C32,3,P02,house,44
C32,3,P02,house,44
C50,8,P02,house,44
C82,9,P02,house,44
C101,2,P02,house,44
C82,9,P02,house,44
C97,9,P02,house,44
C130,7,P02,house,44
C56,4,P02,house,44
C135,2,P02,house,44
C21,5,P02,house,44
C21,5,P02,house,44
C10,5,P02,house,44
C3,8,P02,house,44
C10,5,P02,house,44
C97,9,P02,house,44
C122,10,P02,house,44
C12,8,P02,house,44
C86,8,P02,house,44
C44,9,P28,fruit_veg,113
C60,10,P28,fruit_veg,113
C71,8,P28,fruit_veg,113
C54,2,P28,fruit_veg,113
C70,9,P28,fruit_veg,113
C116,5,P28,fruit_veg,113
C135,2,P28,fruit_veg,113
C135,2,P28,fruit_veg,113
C31,9,P28,fruit_veg,113
C47,2,P28,fruit_veg,113
C111,1,P28,fruit_veg,113
C35,7,P28,fruit_veg,113
C47,2,P28,fruit_veg,113
C74,5,P28,fruit_veg,113
C61,4,P28,fruit_veg,113
C9,8,P28,fruit_veg,113
C9,8,P28,fruit_veg,113
C117,10,P28,fruit_veg,113
C135,2,P28,fruit_veg,113
C9,8,P28,fruit_veg,113
C111,1,P28,fruit_veg,113
C9,8,P28,fruit_veg,113
C42,2,P28,fruit_veg,113
C137,9,P28,fruit_veg,113
C111,1,P28,fruit_veg,113
C116,5,P28,fruit_veg,113
C127,4,P28,fruit_veg,113
C49,7,P28,fruit_veg,113
C7,3,P28,fruit_veg,113
C127,4,P28,fruit_veg,113
C80,9,P28,fruit_veg,113
C131,4,P28,fruit_veg,113
C2,4,P28,fruit_veg,113
C51,3,P28,fruit_veg,113
C2,4,P28,fruit_veg,113
C60,10,P28,fruit_veg,113
C70,9,P28,fruit_veg,113
C75,8,P28,fruit_veg,113
C81,7,P28,fruit_veg,113
C60,10,P28,fruit_veg,113
C74,5,P28,fruit_veg,113
C51,3,P28,fruit_veg,113
C108,8,P28,fruit_veg,113
C32,3,P28,fruit_veg,113
C45,10,P28,fruit_veg,113
C18,8,P28,fruit_veg,113
C60,10,P28,fruit_veg,113
C49,7,P28,fruit_veg,113
C111,1,P28,fruit_veg,113
C24,6,P28,fruit_veg,113
C27,10,P28,fruit_veg,113
C68,8,P28,fruit_veg,113
C84,1,P28,fruit_veg,113
C17,2,P28,fruit_veg,113
C75,8,P28,fruit_veg,113
C135,2,P28,fruit_veg,113
C111,1,P28,fruit_veg,113
C57,2,P28,fruit_veg,113
C29,7,P28,fruit_veg,113
C29,7,P28,fruit_veg,113
C73,2,P28,fruit_veg,113
C51,3,P28,fruit_veg,113
C121,10,P28,fruit_veg,113
C67,4,P28,fruit_veg,113
C127,4,P28,fruit_veg,113
C20,2,P28,fruit_veg,113
C47,2,P28,fruit_veg,113
C51,3,P28,fruit_veg,113
C60,10,P28,fruit_veg,113
C106,5,P28,fruit_veg,113
C31,9,P28,fruit_veg,113
C136,10,P28,fruit_veg,113
C9,8,P28,fruit_veg,113
C80,9,P28,fruit_veg,113
C121,10,P28,fruit_veg,113
C18,8,P28,fruit_veg,113
C68,8,P28,fruit_veg,113
C68,8,P28,fruit_veg,113
C104,7,P28,fruit_veg,113
C116,5,P28,fruit_veg,113
C116,5,P28,fruit_veg,113
C17,2,P28,fruit_veg,113
C60,10,P28,fruit_veg,113
C81,7,P28,fruit_veg,113
C5,7,P28,fruit_veg,113
C82,9,P28,fruit_veg,113
C121,10,P28,fruit_veg,113
C74,5,P28,fruit_veg,113
C81,7,P28,fruit_veg,113
C80,9,P28,fruit_veg,113
C51,3,P28,fruit_veg,113
C111,1,P28,fruit_veg,113
C49,7,P28,fruit_veg,113
C58,6,P28,fruit_veg,113
C58,6,P28,fruit_veg,113
C51,3,P28,fruit_veg,113
C51,3,P28,fruit_veg,113
C64,10,P28,fruit_veg,113
C131,4,P28,fruit_veg,113
C5,7,P28,fruit_veg,113
C70,9,P28,fruit_veg,113
C80,9,P28,fruit_veg,113
C38,7,P28,fruit_veg,113
C17,2,P28,fruit_veg,113
C46,5,P28,fruit_veg,113
C46,5,P28,fruit_veg,113
C108,8,P28,fruit_veg,113
C64,10,P28,fruit_veg,113
C75,8,P28,fruit_veg,113
C70,9,P28,fruit_veg,113
C137,9,P28,fruit_veg,113
C9,8,P28,fruit_veg,113
C45,10,P28,fruit_veg,113
C45,10,P50,food,48
C38,7,P50,food,48
C122,10,P50,food,48
C66,10,P50,food,48
C63,2,P50,food,48
C24,6,P50,food,48
C32,3,P50,food,48
C54,2,P50,food,48
C45,10,P50,food,48
C77,9,P50,food,48
C82,9,P50,food,48
C75,8,P50,food,48
C29,7,P50,food,48
C76,10,P50,food,48
C92,1,P50,food,48
C83,8,P50,food,48
C122,10,P50,food,48
C71,8,P50,food,48
C39,2,P50,food,48
C92,1,P50,food,48
C96,10,P50,food,48
C50,8,P50,food,48
C45,10,P50,food,48
C86,8,P50,food,48
C65,2,P50,food,48
C129,7,P50,food,48
C129,7,P50,food,48
C94,10,P50,food,48
C100,8,P50,food,48
C100,8,P50,food,48
C50,8,P50,food,48
C75,8,P50,food,48
C91,3,P50,food,48
C20,2,P50,food,48
C136,10,P50,food,48
C85,8,P50,food,48
C52,1,P50,food,48
C39,2,P50,food,48
C53,4,P50,food,48
C63,2,P50,food,48
C92,1,P50,food,48
C95,7,P50,food,48
C126,4,P50,food,48
C7,3,P50,food,48
C50,8,P50,food,48
C39,2,P50,food,48
C123,3,P50,food,48
C7,3,P50,food,48
C86,8,P09,house,47
C23,10,P09,house,47
C42,2,P09,house,47
C73,2,P09,house,47
C10,5,P09,house,47
C14,3,P09,house,47
C98,7,P09,house,47
C34,3,P09,house,47
C73,2,P09,house,47
C76,10,P09,house,47
C76,10,P09,house,47
C97,9,P09,house,47
C130,7,P09,house,47
C67,4,P09,house,47
C8,7,P09,house,47
C98,7,P09,house,47
C76,10,P09,house,47
C113,5,P09,house,47
C14,3,P09,house,47
C14,3,P09,house,47
C134,6,P09,house,47
C92,1,P09,house,47
C137,9,P09,house,47
C88,1,P09,house,47
C46,5,P09,house,47
C126,4,P09,house,47
C134,6,P09,house,47
C8,7,P09,house,47
C76,10,P09,house,47
C18,8,P09,house,47
C92,1,P09,house,47
C23,10,P09,house,47
C86,8,P09,house,47
C18,8,P09,house,47
C82,9,P09,house,47
C134,6,P09,house,47
C56,4,P09,house,47
C100,8,P09,house,47
C23,10,P09,house,47
C125,1,P09,house,47
C109,6,P09,house,47
C50,8,P09,house,47
C14,3,P09,house,47
C82,9,P09,house,47
C50,8,P09,house,47
C34,3,P09,house,47
C50,8,P09,house,47
C98,7,P07,house,56
C56,4,P07,house,56
C86,8,P07,house,56
C130,7,P07,house,56
C3,8,P07,house,56
C14,3,P07,house,56
C73,2,P07,house,56
C14,3,P07,house,56
C50,8,P07,house,56
C34,3,P07,house,56
C104,7,P07,house,56
C14,3,P07,house,56
C21,5,P07,house,56
C12,8,P07,house,56
C130,7,P07,house,56
C82,9,P07,house,56
C23,10,P07,house,56
C14,3,P07,house,56
C81,7,P07,house,56
C14,3,P07,house,56
C23,10,P07,house,56
C98,7,P07,house,56
C113,5,P07,house,56
C23,10,P07,house,56
C122,10,P07,house,56
C122,10,P07,house,56
C34,3,P07,house,56
C92,1,P07,house,56
C14,3,P07,house,56
C86,8,P07,house,56
C14,3,P07,house,56
C81,7,P07,house,56
C46,5,P07,house,56
C50,8,P07,house,56
C12,8,P07,house,56
C125,1,P07,house,56
C97,9,P07,house,56
C88,1,P07,house,56
C73,2,P07,house,56
C18,8,P07,house,56
C35,7,P07,house,56
C86,8,P07,house,56
C23,10,P07,house,56
C50,8,P07,house,56
C67,4,P07,house,56
C14,3,P07,house,56
C81,7,P07,house,56
C14,3,P07,house,56
C134,6,P07,house,56
C122,10,P07,house,56
C14,3,P07,house,56
C109,6,P07,house,56
C122,10,P07,house,56
C23,10,P07,house,56
C35,7,P07,house,56
C126,4,P07,house,56
C112,3,P21,clothes,35
C112,3,P21,clothes,35
C36,5,P21,clothes,35
C36,5,P21,clothes,35
C36,5,P21,clothes,35
C95,7,P21,clothes,35
C128,5,P21,clothes,35
C79,1,P21,clothes,35
C79,1,P21,clothes,35
C8,7,P21,clothes,35
C27,10,P21,clothes,35
C107,3,P21,clothes,35
C99,9,P21,clothes,35
C30,4,P21,clothes,35
C112,3,P21,clothes,35
C6,10,P21,clothes,35
C79,1,P21,clothes,35
C79,1,P21,clothes,35
C112,3,P21,clothes,35
C113,5,P21,clothes,35
C6,10,P21,clothes,35
C32,3,P21,clothes,35
C32,3,P21,clothes,35
C32,3,P21,clothes,35
C128,5,P21,clothes,35
C102,1,P21,clothes,35
C36,5,P21,clothes,35
C112,3,P21,clothes,35
C112,3,P21,clothes,35
C36,5,P21,clothes,35
C104,7,P21,clothes,35
C27,10,P21,clothes,35
C128,5,P21,clothes,35
C99,9,P21,clothes,35
C114,3,P21,clothes,35
C7,3,P61,bws,106
C78,9,P61,bws,106
C78,9,P61,bws,106
C103,7,P61,bws,106
C46,5,P61,bws,106
C2,4,P61,bws,106
C24,6,P61,bws,106
C35,7,P61,bws,106
C137,9,P61,bws,106
C99,9,P61,bws,106
C24,6,P61,bws,106
C93,5,P61,bws,106
C7,3,P61,bws,106
C90,3,P61,bws,106
C7,3,P61,bws,106
C53,4,P61,bws,106
C110,3,P61,bws,106
C2,4,P61,bws,106
C78,9,P61,bws,106
C7,3,P61,bws,106
C78,9,P61,bws,106
C90,3,P61,bws,106
C124,7,P61,bws,106
C22,1,P61,bws,106
C30,4,P61,bws,106
C30,4,P61,bws,106
C13,8,P61,bws,106
C30,4,P61,bws,106
C136,10,P61,bws,106
C13,8,P61,bws,106
C108,8,P61,bws,106
C124,7,P61,bws,106
C37,9,P61,bws,106
C99,9,P61,bws,106
C99,9,P61,bws,106
C124,7,P61,bws,106
C13,8,P61,bws,106
C78,9,P61,bws,106
C108,8,P61,bws,106
C2,4,P61,bws,106
C78,9,P61,bws,106
C99,9,P61,bws,106
C30,4,P61,bws,106
C78,9,P61,bws,106
C90,3,P61,bws,106
C44,9,P61,bws,106
C134,6,P61,bws,106
C99,9,P61,bws,106
C53,4,P61,bws,106
C94,10,P61,bws,106
C99,9,P61,bws,106
C90,3,P61,bws,106
C13,8,P61,bws,106
C124,7,P61,bws,106
C124,7,P61,bws,106
C13,8,P61,bws,106
C13,8,P61,bws,106
C78,9,P61,bws,106
C7,3,P61,bws,106
C27,10,P61,bws,106
C35,7,P61,bws,106
C58,6,P61,bws,106
C104,7,P61,bws,106
C94,10,P61,bws,106
C137,9,P61,bws,106
C137,9,P61,bws,106
C13,8,P61,bws,106
C99,9,P61,bws,106
C99,9,P61,bws,106
C90,3,P61,bws,106
C91,3,P61,bws,106
C108,8,P61,bws,106
C13,8,P61,bws,106
C13,8,P61,bws,106
C91,3,P61,bws,106
C110,3,P61,bws,106
C90,3,P61,bws,106
C103,7,P61,bws,106
C46,5,P61,bws,106
C24,6,P61,bws,106
C78,9,P61,bws,106
C90,3,P61,bws,106
C108,8,P61,bws,106
C108,8,P61,bws,106
C115,1,P61,bws,106
C13,8,P61,bws,106
C46,5,P61,bws,106
C109,6,P61,bws,106
C35,7,P61,bws,106
C20,2,P61,bws,106
C124,7,P61,bws,106
C7,3,P61,bws,106
C13,8,P61,bws,106
C13,8,P61,bws,106
C90,3,P61,bws,106
C78,9,P61,bws,106
C135,2,P61,bws,106
C78,9,P61,bws,106
C124,7,P61,bws,106
C136,10,P61,bws,106
C136,10,P61,bws,106
C91,3,P61,bws,106
C124,7,P61,bws,106
C115,1,P61,bws,106
C135,2,P61,bws,106
C93,5,P61,bws,106
C79,1,P17,clothes,25
C8,7,P17,clothes,25
C25,9,P17,clothes,25
C5,7,P17,clothes,25
C31,9,P17,clothes,25
C31,9,P17,clothes,25
C112,3,P17,clothes,25
C95,7,P17,clothes,25
C69,7,P17,clothes,25
C98,7,P17,clothes,25
C45,10,P17,clothes,25
C99,9,P17,clothes,25
C30,4,P17,clothes,25
C5,7,P17,clothes,25
C113,5,P17,clothes,25
C128,5,P17,clothes,25
C32,3,P17,clothes,25
C79,1,P17,clothes,25
C45,10,P17,clothes,25
C112,3,P17,clothes,25
C104,7,P17,clothes,25
C79,1,P17,clothes,25
C79,1,P17,clothes,25
C6,10,P17,clothes,25
C32,3,P17,clothes,25
C122,10,P11,house,49
C42,2,P11,house,49
C56,4,P11,house,49
C73,2,P11,house,49
C67,4,P11,house,49
C10,5,P11,house,49
C10,5,P11,house,49
C3,8,P11,house,49
C92,1,P11,house,49
C130,7,P11,house,49
C137,9,P11,house,49
C53,4,P11,house,49
C50,8,P11,house,49
C14,3,P11,house,49
C100,8,P11,house,49
C76,10,P11,house,49
C86,8,P11,house,49
C100,8,P11,house,49
C112,3,P11,house,49
C3,8,P11,house,49
C10,5,P11,house,49
C126,4,P11,house,49
C67,4,P11,house,49
C23,10,P11,house,49
C56,4,P11,house,49
C8,7,P11,house,49
C97,9,P11,house,49
C14,3,P11,house,49
C76,10,P11,house,49
C56,4,P11,house,49
C56,4,P11,house,49
C14,3,P11,house,49
C35,7,P11,house,49
C134,6,P11,house,49
C35,7,P11,house,49
C14,3,P11,house,49
C23,10,P11,house,49
C21,5,P11,house,49
C8,7,P11,house,49
C10,5,P11,house,49
C10,5,P11,house,49
C97,9,P11,house,49
C130,7,P11,house,49
C130,7,P11,house,49
C130,7,P11,house,49
C31,9,P11,house,49
C32,3,P11,house,49
C56,4,P11,house,49
C81,7,P11,house,49
C23,10,P12,house,58
C34,3,P12,house,58
C122,10,P12,house,58
C86,8,P12,house,58
C50,8,P12,house,58
C56,4,P12,house,58
C125,1,P12,house,58
C76,10,P12,house,58
C14,3,P12,house,58
C21,5,P12,house,58
C107,3,P12,house,58
C50,8,P12,house,58
C23,10,P12,house,58
C23,10,P12,house,58
C98,7,P12,house,58
C10,5,P12,house,58
C100,8,P12,house,58
C76,10,P12,house,58
C76,10,P12,house,58
C112,3,P12,house,58
C14,3,P12,house,58
C46,5,P12,house,58
C134,6,P12,house,58
C98,7,P12,house,58
C14,3,P12,house,58
C3,8,P12,house,58
C18,8,P12,house,58
C50,8,P12,house,58
C137,9,P12,house,58
C10,5,P12,house,58
C18,8,P12,house,58
C112,3,P12,house,58
C53,4,P12,house,58
C76,10,P12,house,58
C112,3,P12,house,58
C23,10,P12,house,58
C32,3,P12,house,58
C14,3,P12,house,58
C14,3,P12,house,58
C56,4,P12,house,58
C56,4,P12,house,58
C130,7,P12,house,58
C10,5,P12,house,58
C10,5,P12,house,58
C14,3,P12,house,58
C93,5,P12,house,58
C76,10,P12,house,58
C82,9,P12,house,58
C14,3,P12,house,58
C112,3,P12,house,58
C86,8,P12,house,58
C23,10,P12,house,58
C44,9,P12,house,58
C23,10,P12,house,58
C82,9,P12,house,58
C130,7,P12,house,58
C50,8,P12,house,58
C32,3,P12,house,58
C8,7,P14,clothes,21
C45,10,P14,clothes,21
C69,7,P14,clothes,21
C98,7,P14,clothes,21
C30,4,P14,clothes,21
C99,9,P14,clothes,21
C31,9,P14,clothes,21
C30,4,P14,clothes,21
C32,3,P14,clothes,21
C79,1,P14,clothes,21
C67,4,P14,clothes,21
C112,3,P14,clothes,21
C6,10,P14,clothes,21
C79,1,P14,clothes,21
C128,5,P14,clothes,21
C99,9,P14,clothes,21
C128,5,P14,clothes,21
C99,9,P14,clothes,21
C95,7,P14,clothes,21
C95,7,P14,clothes,21
C45,10,P14,clothes,21
